Company Name,Company Ticker,Date,Date Type,Time,Type,Period,Domestic Call Num,Domestic Call Pin,Domestic Replay Num,Domestic Replay Pin,International Call Num,International Call Pin,International Replay Num,International Replay Pin,Actual,Actual Source,Estimate,Surprise,Guidance,Event Description,WebUrl,WebUrl Pin,Presentation,Presentation Pin,Press Release Url,Press Release Pin,City,State,Country
Alcoa Inc,AA US,7/8/2015,C,Aft-mkt,ER,Q2 2015,(855) 252-9433,71123428,(855) 859-2056,71123428,(484) 487-2715,71123428,(404) 537-3406,71123428,,,0.228,,,Q2 2015 Earnings Release,http://edge.media-server.com/m/p/6eijrcbn,,,,,,,,
PepsiCo Inc,PEP US,7/9/2015,C,6:30,ER,Q2 2015,800-540-4194,"76870903, DEWSHINE",,,212-931-9775,"76870903, DEWSHINE",,,,,1.241,,,Q2 2015 Earnings Release,http://www.pepsico.com/Investors/Events-and-Presentations,,,,,,,,
Walgreens Boots Alliance Inc,WBA US,7/9/2015,C,7:00,ER,Q3 2015,855-318-7170,,855-859-2056,62063965,614-347-3904,,404-537-3406,62063965,,,0.864,,,Q3 2015 Earnings Release,http://edge.media-server.com/m/p/b8sxcfhn,,,,,,,,
Johnson & Johnson,JNJ US,7/14/2015,C,Bef-mkt,ER,Q2 2015,866-527-6580,68352415,855-859-2056,68352415,631-513-4629,68352415,404-537-3406,68352415,,,1.689,,,Q2 2015 Earnings Release,http://edge.media-server.com/m/p/a3hzru6r,,,,,,,,
JPMorgan Chase & Co,JPM US,7/14/2015,C,7:00,ER,Q2 2015,(866) 541-2724,,(855) 859-2056,48902478,(706) 634-7246,,(404) 537-3406,48902478,,,1.448,,,Q2 2015 Earnings Release,http://edge.media-server.com/m/p/rw8pb9dr,,,,,,,,
Fastenal Co,FAST US,7/14/2015,C,7:00,ER,Q2 2015,(508) 915-0979,,,,(508) 915-0979,,,,,,0.469,,,Q2 2015 Earnings Release,http://edge.media-server.com/m/p/csqtgtc3,,,,,,,,
Wells Fargo & Co,WFC US,7/14/2015,C,8:00,ER,Q2 2015,866-872-5161,,855-859-2056,46479315,706-643-1962,,404-537-3406,46479315,,,1.032,,,Q2 2015 Earnings Release,https://engage.vevent.com/index.jsp?eid=3946&seid=67,,,,,,,,
CSX Corp,CSX US,7/14/2015,C,Aft-mkt,ER,Q2 2015,888-327-6279,,,,773-756-0199,,,,,,0.528,,0.53,Q2 2015 Earnings Release,http://edge.media-server.com/m/p/jfgh89vk/lan/en,,,,,,,,
Yum! Brands Inc,YUM US,7/14/2015,C,Aft-mkt,ER,Q2 2015,877 815-2029,,855 859-2056,50758903,706 645-9271,,404 537-3406,50758903,,,0.623,,0.584,Q2 2015 Earnings Release,http://edge.media-server.com/m/p/cf9i63au/lan/en//,,,,,,,,
US Bancorp/MN,USB US,7/15/2015,C,Bef-mkt,ER,Q2 2015,866-316-1409,48520914,855-859-2056,48520914,706-634-9086,48520914,404-537-3406,48520914,,,0.801,,,Q2 2015 Earnings Release,http://phx.corporate-ir.net/phoenix.zhtml?c=117565&p=irol-presentations_pf,,,,,,,,
BlackRock Inc,BLK US,7/15/2015,C,Bef-mkt,ER,Q2 2015,(800) 374-0176,74398078,(855) 859-2056,74398078,(706) 679-8281,74398078,(404) 537-3406,74398078,,,4.824,,,Q2 2015 Earnings Release,http://www.blackrock.com/corporate/en-in/investor-relations,,,,,,,,
Bank of America Corp,BAC US,7/15/2015,C,7:00,ER,Q2 2015,877.200.4456,79795,800.753.8546,,785.424.1732,79795,402.220.0685,,,,0.36,,,Q2 2015 Earnings Release,http://www.media-server.com/m/acs/f2e47ac2661f78df0b1a5363ab44f92b,,,,,,,,
Netflix Inc,NFLX US,7/15/2015,C,16:05,ER,Q2 2015,,,,,,,,,,,0.315,,0.26,Q2 2015 Earnings Release,http://ir.netflix.com/eventdetail.cfm?EventID=161751,,,,,,,,
Intel Corp,INTC US,7/15/2015,C,Aft-mkt,ER,Q2 2015,877-303-7005,71156549,855-859-2056,71156549,678-809-1045,71156549,404-537-3406,71156549,,,0.507,,,Q2 2015 Earnings Release,http://edge.media-server.com/m/p/twq9d6md,,,,,,,,
PNC Financial Services Group Inc/The,PNC US,7/15/2015,C,,ER,Q2 2015,800-786-5706,,800-633-8284,21770125,212-231-2938,,402-977-9140,21770125,,,1.757,,,Q2 2015 Earnings Release,http://phx.corporate-ir.net/phoenix.zhtml?c=107246&p=irol-calendar#.html,,,,,,,,
Cintas Corp,CTAS US,7/15/2015,E,,ER,Q4 2015,,,,,,,,,,,0.844,,,Q4 2015 Earnings Release,,,,,,,,,
Yahoo! Inc,YHOO US,7/15/2015,E,,ER,Q2 2015,,,,,,,,,,,0.184,,,Q2 2015 Earnings Release,,,,,,,,,
PPG Industries Inc,PPG US,7/16/2015,C,Bef-mkt,ER,Q2 2015,866-953-6858,87795933,888-286-8010,51249988,617-399-3482,87795933,617-801-6888,51249988,,,1.644,,,Q2 2015 Earnings Release,http://www.media-server.com/m/acs/f305c0c6c47b49882a35d56e1c492f76,,,,,,,,
Charles Schwab Corp/The,SCHW US,7/16/2015,C,Bef-mkt,ER,Q2 2015,,,,,,,,,,,0.241,,,Q2 2015 Earnings Release,,,,,,,,,
BB&T Corp,BBT US,7/16/2015,C,Bef-mkt,ER,Q2 2015,888-632-5009,5184622,888-203-1112,4313363,,,,,,,0.7,,,Q2 2015 Earnings Release,,,,,,,,,
UnitedHealth Group Inc,UNH US,7/16/2015,C,Bef-mkt,ER,Q2 2015,,,800-388-9074,,,,,,,,1.585,,,Q2 2015 Earnings Release,http://www.unitedhealthgroup.com/Investors/Default.aspx,,,,,,,,
KeyCorp,KEY US,7/16/2015,C,Bef-mkt,ER,Q2 2015,(866) 615-1890,337808,(800) 475-6701,337808,(651) 291-1170,337808,,,,,0.277,,,Q2 2015 Earnings Release,http://78449.choruscall.com/dataconf/productusers/key/mediaframe/12046/indexr.html,,,,,,,,
Sherwin-Williams Co/The,SHW US,7/16/2015,C,7:00,ER,Q2 2015,(877) 407-9205,,201-612-7415,13612316,(201) 689-8054,,201-612-7415,13612316,,,3.814,,3.8,Q2 2015 Earnings Release,http://investors.sherwin-williams.com/index.jsp,,,,,,,,
Goldman Sachs Group Inc/The,GS US,7/16/2015,C,7:30,ER,Q2 2015,888-281-7154,,855-859-2056,87422686,706-679-5627,,404-537-3406,87422686,,,3.962,,,Q2 2015 Earnings Release,http://www.goldmansachs.com/investor-relations/,,,,,,,,
Citigroup Inc,C US,7/16/2015,C,8:00,ER,Q2 2015,(866) 516-9582,57649611,(855) 859-2056,57649611,(973) 409-9210,57649611,(404) 537-3406,57649611,,,1.347,,,Q2 2015 Earnings Release,http://www.citigroup.com/citi/investor/overview.html,,,,,,,,
People's United Financial Inc,PBCT US,7/16/2015,C,16:00,ER,Q2 2015,866-510-0712,22863582,888-286-8010,51673218,617-597-5380,22863582,617-801-6888,51673218,,,0.211,,,Q2 2015 Earnings Release,http://edge.media-server.com/m/p/uajt793t,,,,,,,,
Mattel Inc,MAT US,7/16/2015,C,Aft-mkt,ER,Q2 2015,(253) 237-1511,,(404) 537-3406,67921610,(253) 237-1511,,(404) 537-3406,67921610,,,-0.045,,,Q2 2015 Earnings Release,http://investor.shareholder.com/mattel/events.cfm,,,,,,,,
Schlumberger Ltd,SLB US,7/16/2015,C,Aft-mkt,ER,Q2 2015,(800) 230-1059,,(800) 475-6701,358215,(612) 234-9959,,(320) 365-3844,358215,,,0.794,,,Q2 2015 Earnings Release,http://edge.media-server.com/m/p/zeedrwrk/lan/en,,,,,,,,
eBay Inc,EBAY US,7/16/2015,C,Aft-mkt,ER,Q2 2015,,,,,,,,,,,0.724,,0.72,Q2 2015 Earnings Release,http://edge.media-server.com/m/p/csv6s7av,,,,,,,,
United Rentals Inc,URI US,7/16/2015,E,,ER,Q2 2015,,,,,,,,,,,1.849,,,Q2 2015 Earnings Release,,,,,,,,,
Philip Morris International Inc,PM US,7/16/2015,C,,ER,Q2 2015,,,,,,,,,,,1.125,,,Q2 2015 Earnings Release,http://investors.philipmorrisinternational.com/phoenix.zhtml?c=146476&p=irol-eventDetails&EventId=5182269,,,,,,,,
Kinder Morgan Inc/DE,KMI US,7/16/2015,E,,ER,Q2 2015,,,,,,,,,,,0.19,,,Q2 2015 Earnings Release,,,,,,,,,
Navient Corp,NAVI US,7/16/2015,E,,ER,Q2 2015,,,,,,,,,,,0.556,,,Q2 2015 Earnings Release,,,,,,,,,
Honeywell International Inc,HON US,7/17/2015,C,Bef-mkt,ER,Q2 2015,(888) 298-3451,HON2Q15,(888) 203-1112,8213026,(719) 457-2605,HON2Q15,(719) 457-0820,8213026,,,1.491,,1.485,Q2 2015 Earnings Release,http://investor.honeywell.com/phoenix.zhtml?c=94774&p=irol-EventDetails&EventId=5195912,,,,,,,,
Comerica Inc,CMA US,7/17/2015,C,Bef-mkt,ER,Q2 2015,(877) 523-5249,61399381,,,(210) 591-1147,61399381,,,,,0.748,,,Q2 2015 Earnings Release,http://investor.comerica.com/phoenix.zhtml?c=114699&p=irol-irhome,,,,,,,,
Kansas City Southern,KSU US,7/17/2015,C,Bef-mkt,ER,Q2 2015,(877) 407-0782,,(877) 660-6853,13612740,(201) 689-8567,,(201) 612-7415,13612740,,,1.074,,,Q2 2015 Earnings Release,http://www.investorcalendar.com/event/174095,,,,,,,,
SunTrust Banks Inc,STI US,7/17/2015,C,Bef-mkt,ER,Q2 2015,888-972-7805,2Q15,866-513-4385,,517-308-9091,2Q15,203-369-1984,,,,0.81,,,Q2 2015 Earnings Release,http://investors.suntrust.com/events-and-presentations/default.aspx,,,,,,,,
WW Grainger Inc,GWW US,7/17/2015,C,7:30,ER,Q2 2015,,,,,,,,,,,3.084,,,Q2 2015 Earnings Release,http://phx.corporate-ir.net/phoenix.zhtml?c=76754&p=irol-EventDetails&EventId=5178615,,,,,,,,
General Electric Co,GE US,7/17/2015,C,,ER,Q2 2015,,,,,,,,,,,0.342,,,Q2 2015 Earnings Release,http://www.ge.com/investor-relations/events,,,,,,,,
Johnson Controls Inc,JCI US,7/17/2015,E,,ER,Q3 2015,,,,,,,,,,,0.911,,0.91,Q3 2015 Earnings Release,,,,,,,,,
Progressive Corp/The,PGR US,7/17/2015,C,,ER,Q2 2015,,,,,,,,,,,0.551,,,Q2 2015 Earnings Release,,,,,,,,,
Snap-on Inc,SNA US,7/17/2015,E,,ER,Q2 2015,,,,,,,,,,,1.994,,,Q2 2015 Earnings Release,,,,,,,,,
VF Corp,VFC US,7/17/2015,E,,ER,Q2 2015,,,,,,,,,,,0.361,,,Q2 2015 Earnings Release,,,,,,,,,
Skyworks Solutions Inc,SWKS US,7/17/2015,E,,ER,Q3 2015,,,,,,,,,,,1.284,,1.28,Q3 2015 Earnings Release,,,,,,,,,
M&T Bank Corp,MTB US,7/17/2015,E,,ER,Q2 2015,,,,,,,,,,,1.979,,,Q2 2015 Earnings Release,,,,,,,,,
JB Hunt Transport Services Inc,JBHT US,7/17/2015,C,,ER,Q2 2015,,,,,,,,,,,0.905,,,Q2 2015 Earnings Release,,,,,,,,,
Google Inc,GOOGL US,7/17/2015,E,,ER,Q2 2015,,,,,,,,,,,6.731,,,Q2 2015 Earnings Release,,,,,,,,,
Seagate Technology PLC,STX US,7/17/2015,E,,ER,Q4 2015,,,,,,,,,,,0.986,,,Q4 2015 Earnings Release,,,,,,,,,
Hasbro Inc,HAS US,7/20/2015,C,Bef-mkt,ER,Q2 2015,,,,,,,,,,,0.283,,,Q2 2015 Earnings Release,http://edge.media-server.com/m/p/i6bsrrpx,,,,,,,,
Morgan Stanley,MS US,7/20/2015,C,7:00,ER,Q2 2015,877-895-9527,65308559,855-859-2056,65316756,706-679-2291,65308559,404-537-3406,65316756,,,0.734,,,Q2 2015 Earnings Release,http://www.morganstanley.com/about-us-ir/index.html,,,,,,,,
International Business Machines Corp,IBM US,7/20/2015,C,16:30,ER,Q2 2015,,,,,,,,,,,3.788,,,Q2 2015 Earnings Release,,,,,,,,,
Zions Bancorporation,ZION US,7/20/2015,C,Aft-mkt,ER,Q2 2015,(253) 237-1247,71960337,,,(253) 237-1247,71960337,,,,,0.38,,,Q2 2015 Earnings Release,http://edge.media-server.com/m/p/meq7j23e,,,,,,,,
Air Products & Chemicals Inc,APD US,7/20/2015,C,,ER,Q3 2015,,,,,,,,,,,1.587,,1.575,Q3 2015 Earnings Release,,,,,,,,,
Genuine Parts Co,GPC US,7/20/2015,C,,ER,Q2 2015,844-857-1770,77046416,855-859-2056,77046416,,,,,,,1.329,,,Q2 2015 Earnings Release,http://genuineparts.investorroom.com/,,,,,,,,
Halliburton Co,HAL US,7/20/2015,C,,ER,Q2 2015,(866) 804-3547,,(888) 266-2081,1656899,(703) 639-1328,,(703) 925-2533,1656899,,,0.306,,,Q2 2015 Earnings Release,http://edge.media-server.com/m/p/igrqkezs/lan/en,,,,,,,,
Baker Hughes Inc,BHI US,7/21/2015,C,Bef-mkt,ER,Q2 2015,,,,,,,,,,,-0.102,,,Q2 2015 Earnings Release,,,,,,,,,
Harley-Davidson Inc,HOG US,7/21/2015,C,Bef-mkt,ER,Q2 2015,(866) 510-9211,71105885,(855) 859-2056,71105885,(404) 665-9457,71105885,(404) 537-3406,71105885,,,1.416,,,Q2 2015 Earnings Release,http://edge.media-server.com/m/p/75yywe6n/lan/en,,,,,,,,
Bank of New York Mellon Corp/The,BK US,7/21/2015,C,6:30,ER,Q2 2015,888 677 5383,Earnings,800 391 9847,,773 799 3611,Earnings,402 220 3093,,,,0.659,,,Q2 2015 Earnings Release,https://www.bnymellon.com/us/en/investor-relations/index.jsp,,,,,,,,
Fifth Third Bancorp,FITB US,7/21/2015,C,6:30,ER,Q2 2015,(888) 291-9522,57890508,(800) 585-8367,57890508#,(706) 758-3852,57890508,(404) 537-3406,57890508#,,,0.38,,,Q2 2015 Earnings Release,http://www.media-server.com/m/acs/f8b92859ec52ee85e55cdae5f3a958de,,,,,,,,
Dover Corp,DOV US,7/21/2015,C,7:00,ER,Q2 2015,866-882-5865,67983014,800-585-8367,67983014,678-894-3017,67983014,404-537-3406,67983014,,,1.079,,,Q2 2015 Earnings Release,http://edge.media-server.com/m/p/3h7zzpb5/lan/en,,,,,,,,
Verizon Communications Inc,VZ US,7/21/2015,C,7:30,ER,Q2 2015,(888) 455-3018,VERIZON,(888) 300-0067,,(773) 799-3816,VERIZON,(402) 998-1237,,,,1.005,,,Q2 2015 Earnings Release,http://www.verizon.com/about/investors/investor-webcasts,,,,,,,,
Chipotle Mexican Grill Inc,CMG US,7/21/2015,C,16:00,ER,Q2 2015,888-378-4413,,877-870-5176,3789022,719-325-2444,,858-384-5517,3789022,,,4.459,,,Q2 2015 Earnings Release,http://edge.media-server.com/m/p/sw5se82h/lan/en,,,,,,,,
ACE Ltd,ACE US,7/21/2015,C,16:05,ER,Q2 2015,800 967 7188,1713107,888 203 1112,1713107,719 325 2322,1713107,719 457 0820,1713107,,,2.291,,,Q2 2015 Earnings Release,http://investors.acegroup.com/investor-information/calendar-of-events/events/event-details/2015/2Q-2015-ACE-Limited-Conference-Call/default.aspx,,,,,,,,
Apple Inc,AAPL US,7/21/2015,C,Aft-mkt,ER,Q3 2015,(877) 419-6600,,(888) 203-1112,9957771,(719) 325-4800,,(719) 457-0820,9957771,,,1.778,,,Q3 2015 Earnings Release,http://events.apple.com.edgesuite.net/15piuhasdfvlhbvlhbasvhb07/event/index.html,,,,,,,,
Microsoft Corp,MSFT US,7/21/2015,C,Aft-mkt,ER,Q4 2015,(877) 407-0666,,(877) 660-6853,13611654,201-689-8023,,201-612-7415,13611654,,,0.587,,,Q4 2015 Earnings Release,http://www.media-server.com/m/p/c44pitii,,,,,,,,
Linear Technology Corp,LLTC US,7/21/2015,C,Aft-mkt,ER,Q4 2015,888-500-6973,,(888) 203-1112,5827668,719-457-2734,,(719) 457-0820,5827668,,,0.562,,,Q4 2015 Earnings Release,http://www.linear.com/company/investor/conference_calls.php,,,,,,,,
FMC Technologies Inc,FTI US,7/21/2015,C,Aft-mkt,ER,Q2 2015,888-771-4371,38432109,888-843-7419,38432109#,847-585-4405,38432109,630-652-3042,38432109#,,,0.615,,,Q2 2015 Earnings Release,http://ir.fmctechnologies.com/,,,,,,,,
Travelers Cos Inc/The,TRV US,7/21/2015,C,,ER,Q2 2015,800-272-6255,14788,800-633-8284,21770122,303-223-2680,14788,402-977-9140,21770122,,,2.102,,,Q2 2015 Earnings Release,http://78449.choruscall.com/dataconf/productusers/travelers/mediaframe/12001/indexr.html,,,,,,,,
Lockheed Martin Corp,LMT US,7/21/2015,C,,ER,Q2 2015,877-844-6881,,855-859-2056,62402264,678-894-3015,,404-537-3406,62402264,,,2.661,,,Q2 2015 Earnings Release,http://edge.media-server.com/m/p/oyd397xs/lan/en,,,,,,,,
Prologis Inc,PLD US,7/21/2015,C,,ER,Q2 2015,(877) 256-7020,48765490,(855) 859-2056,48765486,(973) 409-9692,48765490,(404) 537-3406,48765486,,,0.515,,,Q2 2015 Earnings Release,http://ir.prologis.com/events-and-presentations/events/2015,,,,,,,,
Intuitive Surgical Inc,ISRG US,7/21/2015,C,,ER,Q2 2015,,,,,,,,,,,4.001,,,Q2 2015 Earnings Release,http://edge.media-server.com/m/p/dxed3nsx/lan/en,,,,,,,,
Regions Financial Corp,RF US,7/21/2015,C,,ER,Q2 2015,,,855-859-2056,65903001,,,,,,,0.2,,,Q2 2015 Earnings Release,http://ir.regions.com/events.cfm,,,,,,,,
Abbott Laboratories,ABT US,7/22/2015,C,Bef-mkt,ER,Q2 2015,,,,,,,,,,,0.503,,0.5,Q2 2015 Earnings Release,http://www.abbottinvestor.com/phoenix.zhtml?c=94004&p=irol-EventDetails&EventId=5197034,,,,,,,,
Boeing Co/The,BA US,7/22/2015,C,Bef-mkt,ER,Q2 2015,,,,,,,,,,,2.067,,,Q2 2015 Earnings Release,https://event.on24.com/eventRegistration/EventLobbyServlet?target=registration.jsp&eventid=1016678&sessionid=1&key=51F235CD27643C1DD1EFD8FCE53F1963&sourcepage=register,,,,,,,,
Coca-Cola Co/The,KO US,7/22/2015,C,Bef-mkt,ER,Q2 2015,,,,,,,,,,,0.599,,,Q2 2015 Earnings Release,http://www.coca-colacompany.com/investors/,,,,,,,,
Thermo Fisher Scientific Inc,TMO US,7/22/2015,C,Bef-mkt,ER,Q2 2015,(877) 201-0168,,,,(647) 788-4901,,,,,,1.78,,,Q2 2015 Earnings Release,https://event.on24.com/eventRegistration/EventLobbyServlet?target=registration.jsp&eventid=835008&sessionid=1&key=1A3EE26B95077BF50168A1D775C16694&sourcepage=register,,,,,,,,
Northern Trust Corp,NTRS US,7/22/2015,C,Bef-mkt,ER,Q2 2015,877-874-1570,2201761,888-203-1112,2201761,719-325-4819,2201761,719-457-0820,2201761,,,0.962,,,Q2 2015 Earnings Release,https://www.northerntrust.com/about-us/investor-relations/earnings-releases,,,,,,,,
St Jude Medical Inc,STJ US,7/22/2015,C,7:15,ER,Q2 2015,866-393-8590,64090353,(855) 859-2056,64090353,,,,,,,0.999,,1,Q2 2015 Earnings Release,http://investors.sjm.com/investors/events-and-presentations/default.aspx,,,,,,,,
Illinois Tool Works Inc,ITW US,7/22/2015,C,8:00,ER,Q2 2015,888-603-9219,ITW,888-296-6943,,,,,,,,1.286,,1.26,Q2 2015 Earnings Release,http://www.media-server.com/m/acs/df47f62b037fd4ccf2ef65fe03cc697c,,,,,,,,
F5 Networks Inc,FFIV US,7/22/2015,C,16:00,ER,Q3 2015,(888) 566-7715,F5 Networks,800-879-6771,,(517) 623-4984,F5 Networks,402-220-5335,,,,1.596,,1.585,Q3 2015 Earnings Release,http://edge.media-server.com/m/p/rkdxx8t9/lan/en,,,,,,,,
American Express Co,AXP US,7/22/2015,C,Aft-mkt,ER,Q2 2015,,,,,,,,,,,1.321,,,Q2 2015 Earnings Release,http://ir.americanexpress.com/Investor-Relations,,,,,,,,
Newmont Mining Corp,NEM US,7/22/2015,C,Aft-mkt,ER,Q2 2015,800.857.6428,Newmont,800.947.5181,2015,517.623.4916,Newmont,203.369.3980,2015,,,0.252,,,Q2 2015 Earnings Release,http://event.on24.com/r.htm?e=1017017&s=1&k=E80326D07CE308149EA7259B6A29ED25,,,,,,,,
Tractor Supply Co,TSCO US,7/22/2015,C,Aft-mkt,ER,Q2 2015,,,,,,,,,,,1.109,,,Q2 2015 Earnings Release,,,,,,,,,
SanDisk Corp,SNDK US,7/22/2015,C,Aft-mkt,ER,Q2 2015,719-325-4800,3235993,,,719-325-4800,3235993,,,,,0.338,,,Q2 2015 Earnings Release,http://edge.media-server.com/m/p/fv75osyj/lan/en,,,,,,,,
Ameriprise Financial Inc,AMP US,7/22/2015,C,Aft-mkt,ER,Q2 2015,,,,,,,,,,,2.351,,,Q2 2015 Earnings Release,http://ir.ameriprise.com/corporateprofile.aspx?iid=113901,,,,,,,,
EMC Corp/MA,EMC US,7/22/2015,C,,ER,Q2 2015,,,,,,,,,,,0.413,,,Q2 2015 Earnings Release,,,,,,,,,
TEGNA Inc,TGNA US,7/22/2015,E,,ER,Q2 2015,,,,,,,,,,,0.516,,,Q2 2015 Earnings Release,,,,,,,,,
Interpublic Group of Cos Inc/The,IPG US,7/22/2015,C,,ER,Q2 2015,(800) 988-9634,8241996,(800) 570-8799,4750,(415) 228-4963,8241996,(203) 369-3294,4750,,,0.273,,,Q2 2015 Earnings Release,http://edge.media-server.com/m/p/rfk7xg5c/lan/en,,,,,,,,
Omnicom Group Inc,OMC US,7/22/2015,E,,ER,Q2 2015,,,,,,,,,,,1.221,,,Q2 2015 Earnings Release,,,,,,,,,
Altria Group Inc,MO US,7/22/2015,E,,ER,Q2 2015,,,,,,,,,,,0.711,,,Q2 2015 Earnings Release,,,,,,,,,
Robert Half International Inc,RHI US,7/22/2015,E,,ER,Q2 2015,,,,,,,,,,,0.659,,,Q2 2015 Earnings Release,,,,,,,,,
Texas Instruments Inc,TXN US,7/22/2015,T,,ER,Q2 2015,,,,,,,,,,,0.653,,0.65,Q2 2015 Earnings Release,,,,,,,,,
United Technologies Corp,UTX US,7/22/2015,E,,ER,Q2 2015,,,,,,,,,,,1.732,,,Q2 2015 Earnings Release,,,,,,,,,
Electronic Arts Inc,EA US,7/22/2015,E,,ER,Q1 2016,,,,,,,,,,,0.033,,0,Q1 2016 Earnings Release,,,,,,,,,
QUALCOMM Inc,QCOM US,7/22/2015,C,,ER,Q3 2015,,,,,,,,,,,0.948,,0.925,Q3 2015 Earnings Release,,,,,,,,,
AutoNation Inc,AN US,7/22/2015,C,,ER,Q2 2015,888-769-8515,AutoNation,800-568-3942,75300,,,,,,,1.012,,,Q2 2015 Earnings Release,http://investors.autonation.com/phoenix.zhtml?c=85803&p=irol-irhome,,,,,,,,
Xilinx Inc,XLNX US,7/22/2015,E,,ER,Q1 2016,,,,,,,,,,,0.539,,,Q1 2016 Earnings Release,,,,,,,,,
Waters Corp,WAT US,7/22/2015,E,,ER,Q2 2015,,,,,,,,,,,1.27,,1.25,Q2 2015 Earnings Release,,,,,,,,,
Amphenol Corp,APH US,7/22/2015,C,,ER,Q2 2015,888-395-9624,Reardon,866-479-2464,7183,517-623-4547,Reardon,203-369-1538,7183,,,0.576,,0.57,Q2 2015 Earnings Release,http://edge.media-server.com/m/p/c37affei,,,,,,,,
Broadcom Corp,BRCM US,7/22/2015,E,,ER,Q2 2015,,,,,,,,,,,0.752,,,Q2 2015 Earnings Release,,,,,,,,,
Juniper Networks Inc,JNPR US,7/22/2015,E,,ER,Q2 2015,,,,,,,,,,,0.405,,0.4,Q2 2015 Earnings Release,,,,,,,,,
Discover Financial Services,DFS US,7/22/2015,E,,ER,Q2 2015,,,,,,,,,,,1.327,,,Q2 2015 Earnings Release,,,,,,,,,
Dow Chemical Co/The,DOW US,7/23/2015,C,Bef-mkt,ER,Q2 2015,719-325-2154,,(719) 457-0820,8237958,719-325-2154,,(719) 457-0820,8237958,,,0.772,,,Q2 2015 Earnings Release,http://edge.media-server.com/m/p/4b943ccj/lan/en,,,,,,,,
EQT Corp,EQT US,7/23/2015,C,Bef-mkt,ER,Q2 2015,,,,,,,,,,,0.091,,,Q2 2015 Earnings Release,,,,,,,,,
Kimberly-Clark Corp,KMB US,7/23/2015,C,Bef-mkt,ER,Q2 2015,,,,,,,,,,,1.358,,,Q2 2015 Earnings Release,http://edge.media-server.com/m/p/kh57pg84,,,,,,,,
Eli Lilly & Co,LLY US,7/23/2015,C,Bef-mkt,ER,Q2 2015,(612) 332-0107,363537,(800) 475-6701,363537,(612) 332-0107,363537,(320) 365-3844,363537,,,0.732,,,Q2 2015 Earnings Release,http://www.media-server.com/m/p/9aaimh8u,,,,,,,,
McDonald's Corp,MCD US,7/23/2015,C,Bef-mkt,ER,Q2 2015,,,,,,,,,,,1.235,,,Q2 2015 Earnings Release,http://www.aboutmcdonalds.com/mcd/investors/webcasts_and_podcasts.html,,,,,,,,
PulteGroup Inc,PHM US,7/23/2015,C,Bef-mkt,ER,Q2 2015,(877) 375-9144,73625960,(855) 859-2056,73625960,,,,,,,0.262,,,Q2 2015 Earnings Release,http://www.pultegroupinc.com/investors/events-and-presentations/event-details/2015/Q2-2015-PulteGroup-Inc-Earnings-Conference-Call/default.aspx,,,,,,,,
Ryder System Inc,R US,7/23/2015,C,Bef-mkt,ER,Q2 2015,888-398-5319,Ryder,800-879-5513,,773-681-5795,Ryder,402-220-4734,,,,1.617,,1.605,Q2 2015 Earnings Release,http://investors.ryder.com/,,,,,,,,
Union Pacific Corp,UNP US,7/23/2015,C,Bef-mkt,ER,Q2 2015,877407-8293,,,,201689-8349,,,,,,1.404,,,Q2 2015 Earnings Release,http://78449.choruscall.com/dataconf/productusers/unp/mediaframe/11981/indexr.html,,,,,,,,
Huntington Bancshares Inc/OH,HBAN US,7/23/2015,C,Bef-mkt,ER,Q2 2015,(844) 318-8148,11113310,(855) 859-2056,11113310,,,(404) 537-3406,11113310,,,0.206,,,Q2 2015 Earnings Release,http://www.investquest.com/iq/h/hban/,,,,,,,,
Waste Management Inc,WM US,7/23/2015,C,Bef-mkt,ER,Q2 2015,877-710-6139,64809894,855-859-2056,64809894,706-643-7398,64809894,404-537-3406,64809894,,,0.629,,,Q2 2015 Earnings Release,http://edge.media-server.com/m/p/nzi9ghp2/lan/en,,,,,,,,
Macerich Co/The,MAC US,7/23/2015,C,Bef-mkt,ER,Q2 2015,888-438-5448,8087018,877-870-5176,8087018,719-457-1035,8087018,858-384-5517,8087018,,,0.93,,,Q2 2015 Earnings Release,http://www.macerich.com/investing/investing.aspx?v=calendar,,,,,,,,
Cameron International Corp,CAM US,7/23/2015,C,Bef-mkt,ER,Q2 2015,201-689-8261,,201-612-7415,13608857,201-689-8261,,201-612-7415,13608857,,,0.762,,,Q2 2015 Earnings Release,http://investors.c-a-m.com/index.php?s=19#past:2015:5,,,,,,,,
Quest Diagnostics Inc,DGX US,7/23/2015,C,Bef-mkt,ER,Q2 2015,,,,,,,,,,,1.239,,,Q2 2015 Earnings Release,http://phx.corporate-ir.net/phoenix.zhtml?c=82068&p=irol-EventDetails&EventId=5195534,,,,,,,,
Alliance Data Systems Corp,ADS US,7/23/2015,C,Bef-mkt,ER,Q2 2015,(888) 603-6873,75492204,(855) 859-2056,75492204,(973) 582-2706,75492204,(404) 537-3406,75492204,,,3.232,,3.2,Q2 2015 Earnings Release,http://edge.media-server.com/m/p/fq2z78ib/lan/en,,,,,,,,
Mead Johnson Nutrition Co,MJN US,7/23/2015,C,Bef-mkt,ER,Q2 2015,(877) 359-9508,Mead Johnson,(855) 859-2056,72439803,224-357-2393,Mead Johnson,404-537-3406,72439803,,,0.89,,,Q2 2015 Earnings Release,http://edge.media-server.com/m/p/fugw9jk6/lan/en,,,,,,,,
Dr Pepper Snapple Group Inc,DPS US,7/23/2015,C,Bef-mkt,ER,Q2 2015,,,,,,,,,,,1.092,,,Q2 2015 Earnings Release,http://investor.drpeppersnapplegroup.com/events-and-presentations#past:2015:7,,,,,,,,
General Motors Co,GM US,7/23/2015,C,Bef-mkt,ER,Q2 2015,888-808-8618,GM Earnings Call,855-859-2056,71462726,949-484-0645,GM Earnings Call,404-537-3406,71462726,,,1.109,,,Q2 2015 Earnings Release,http://www.gm.com/company/investors.html,,,,,,,,
Danaher Corp,DHR US,7/23/2015,C,6:00,ER,Q2 2015,888-632-5017,1995288,888-203-1112,1995288,913-981-5581,1995288,719-457-0820,1995288,,,1.04,,1.03,Q2 2015 Earnings Release,http://phx.corporate-ir.net/phoenix.zhtml?c=82105&p=irol-irhome,,,,,,,,
NASDAQ OMX Group Inc/The,NDAQ US,7/23/2015,C,7:00,ER,Q2 2015,866.302.4765,,855.859.2056,78715641,419.386.0006,,404.537.3406,78715641,,,0.782,,,Q2 2015 Earnings Release,http://edge.media-server.com/m/p/9p23rvt3,,,,,,,,
Under Armour Inc,UA US,7/23/2015,C,7:15,ER,Q2 2015,877.353.0039,,855.859.2056,79284636,678.224.7858,,404.537.3406,79284636,,,0.047,,,Q2 2015 Earnings Release,http://investor.underarmour.com/events.cfm,,,,,,,,
Stryker Corp,SYK US,7/23/2015,C,16:00,ER,Q2 2015,(866) 436-9172,38313498,(888) 843-7419,3831 3498 #,(630) 691-2760,38313498,(630) 652-3042,3831 3498 #,,,1.168,,1.175,Q2 2015 Earnings Release,http://phx.corporate-ir.net/phoenix.zhtml?c=118965&p=irol-calendar,,,,,,,,
Principal Financial Group Inc,PFG US,7/23/2015,C,16:00,ER,Q2 2015,866-427-0175,71099087,855-859-2056,71099087,706-643-7701,71099087,404-537-3406,71099087,,,1.056,,,Q2 2015 Earnings Release,http://investors.principal.com/investor-relations/presentations/event-details/2015/2Q-2015-The-Principal-Financial-Group-Earnings-Conference-Call/default.aspx,,,,,,,,
VeriSign Inc,VRSN US,7/23/2015,C,16:05,ER,Q2 2015,(888) 676 8776,Verisign,,,(913) 312-1233,Verisign,,,,,0.737,,,Q2 2015 Earnings Release,http://edge.media-server.com/m/p/jfez38r4,,,,,,,,
Altera Corp,ALTR US,7/23/2015,C,16:15,ER,Q2 2015,,,,,,,,,,,0.252,,,Q2 2015 Earnings Release,,,,,,,,,
CR Bard Inc,BCR US,7/23/2015,C,Aft-mkt,ER,Q2 2015,(800) 288-9626,,,,(612) 332-0530,,,,,,2.175,,2.17,Q2 2015 Earnings Release,http://edge.media-server.com/m/p/9jacnwaz/lan/en,,,,,,,,
Chubb Corp/The,CB US,7/23/2015,C,Aft-mkt,ER,Q2 2015,,,,,,,,,,,1.853,,,Q2 2015 Earnings Release,http://edge.media-server.com/m/p/do2vx9kw,,,,,,,,
Starbucks Corp,SBUX US,7/23/2015,C,Aft-mkt,ER,Q3 2015,,,,,,,,,,,0.408,,0.405,Q3 2015 Earnings Release,http://investor.starbucks.com/phoenix.zhtml?c=99518&p=irol-EventDetails&EventId=5173988,,,,,,,,
Capital One Financial Corp,COF US,7/23/2015,C,Aft-mkt,ER,Q2 2015,,,,,,,,,,,1.966,,,Q2 2015 Earnings Release,http://phx.corporate-ir.net/phoenix.zhtml?c=70667&p=irol-irhome,,,,,,,,
TripAdvisor Inc,TRIP US,7/23/2015,C,Aft-mkt,ER,Q2 2015,(877) 224-9081,,(855) 859-2056,56814001,(224) 357-2223,,(404) 537-3406,56814001,,,0.547,,,Q2 2015 Earnings Release,http://edge.media-server.com/m/p/n5n4htkh,,,,,,,,
Visa Inc,V US,7/23/2015,C,Aft-mkt,ER,Q3 2015,888-790-4410,7974435,800-583-8095,,773-756-0127,7974435,,,,,0.584,,,Q3 2015 Earnings Release,https://event.on24.com/eventRegistration/EventLobbyServlet?target=registration.jsp&eventid=1021078&sessionid=1&key=541BD085791E3F19F5357D2947DE9A5E&sourcepage=register,,,,,,,,
Boston Scientific Corp,BSX US,7/23/2015,C,,ER,Q2 2015,,,,,,,,,,,0.214,,0.21,Q2 2015 Earnings Release,http://edge.media-server.com/m/p/mgtimbw6/lan/en,,,,,,,,
Bristol-Myers Squibb Co,BMY US,7/23/2015,C,,ER,Q2 2015,877-201-0168,23534784,855-859-2056,23534784,647-788-4901,23534784,404-537-3406,23534784,,,0.351,,,Q2 2015 Earnings Release,http://investor.bms.com/investors/default.aspx,,,,,,,,
Caterpillar Inc,CAT US,7/23/2015,C,,ER,Q2 2015,,,,,,,,,,,1.255,,,Q2 2015 Earnings Release,,,,,,,,,
CA Inc,CA US,7/23/2015,E,,ER,Q1 2016,,,,,,,,,,,0.615,,,Q1 2016 Earnings Release,,,,,,,,,
Equifax Inc,EFX US,7/23/2015,E,,ER,Q2 2015,,,,,,,,,,,1.104,,1.1,Q2 2015 Earnings Release,,,,,,,,,
Freeport-McMoRan Inc,FCX US,7/23/2015,C,,ER,Q2 2015,800-403-5770,73533094,,,706-679-8487,73533094,,,,,0.111,,,Q2 2015 Earnings Release,,,,,,,,,
General Dynamics Corp,GD US,7/23/2015,E,,ER,Q2 2015,,,,,,,,,,,2.042,,,Q2 2015 Earnings Release,,,,,,,,,
3M Co,MMM US,7/23/2015,C,,ER,Q2 2015,(800) 762-2596,,,,(212) 231-2916,,,,,,2,,,Q2 2015 Earnings Release,http://investors.3m.com/overview/default.aspx,,,,,,,,
Northrop Grumman Corp,NOC US,7/23/2015,E,,ER,Q2 2015,,,,,,,,,,,2.354,,,Q2 2015 Earnings Release,,,,,,,,,
Raytheon Co,RTN US,7/23/2015,C,,ER,Q2 2015,,,,,,,,,,,1.636,,,Q2 2015 Earnings Release,,,,,,,,,
Southwest Airlines Co,LUV US,7/23/2015,T,,ER,Q2 2015,,,,,,,,,,,1.017,,,Q2 2015 Earnings Release,http://southwest.investorroom.com/index.php?s=19&item=78,,,,,,,,
AT&T Inc,T US,7/23/2015,C,,ER,Q2 2015,866-232-4457,,,,612-332-1213,,,,,,0.633,,,Q2 2015 Earnings Release,http://phx.corporate-ir.net/phoenix.zhtml?c=113088&p=irol-calendar,,,,,,,,
Torchmark Corp,TMK US,7/23/2015,E,,ER,Q2 2015,,,,,,,,,,,1.064,,,Q2 2015 Earnings Release,,,,,,,,,
Whirlpool Corp,WHR US,7/23/2015,E,,ER,Q2 2015,,,,,,,,,,,2.639,,,Q2 2015 Earnings Release,,,,,,,,,
Comcast Corp,CMCSA US,7/23/2015,C,,ER,Q2 2015,(800) 263-8495,60425188,(855) 859-2056,60425188,,,,,,,0.843,,,Q2 2015 Earnings Release,http://edge.media-server.com/m/p/v6w7e5pn,,,,,,,,
Flowserve Corp,FLS US,7/23/2015,E,,ER,Q2 2015,,,,,,,,,,,0.808,,,Q2 2015 Earnings Release,,,,,,,,,
Biogen Inc,BIIB US,7/23/2015,E,,ER,Q2 2015,,,,,,,,,,,4.058,,,Q2 2015 Earnings Release,,,,,,,,,
T Rowe Price Group Inc,TROW US,7/23/2015,C,,ER,Q2 2015,,,,,,,,,,,1.206,,,Q2 2015 Earnings Release,,,,,,,,,
Citrix Systems Inc,CTXS US,7/23/2015,E,,ER,Q2 2015,,,,,,,,,,,0.821,,0.815,Q2 2015 Earnings Release,,,,,,,,,
Stericycle Inc,SRCL US,7/23/2015,C,,ER,Q2 2015,866-516-6872,,855-859-2056,# 39409776,,,404-537-3406,# 39409776,,,1.141,,,Q2 2015 Earnings Release,http://www.media-server.com/m/acs/01dfdc474d5c3794375901fabf18359f,,,,,,,,
E*TRADE Financial Corp,ETFC US,7/23/2015,E,,ER,Q2 2015,,,,,,,,,,,0.277,,,Q2 2015 Earnings Release,,,,,,,,,
SL Green Realty Corp,SLG US,7/23/2015,E,,ER,Q2 2015,,,,,,,,,,,1.559,,,Q2 2015 Earnings Release,,,,,,,,,
Crown Castle International Corp,CCI US,7/23/2015,E,,ER,Q2 2015,,,,,,,,,,,1.141,,,Q2 2015 Earnings Release,,,,,,,,,
Republic Services Inc,RSG US,7/23/2015,C,,ER,Q2 2015,800-369-3117,Republic Services,866-443-4169,,210-234-0084,Republic Services,203-369-1117,,,,0.51,,,Q2 2015 Earnings Release,http://edge.media-server.com/m/p/hm5pqbxv/lan/en,,,,,,,,
Hudson City Bancorp Inc,HCBK US,7/23/2015,E,,ER,Q2 2015,,,,,,,,,,,0.005,,,Q2 2015 Earnings Release,,,,,,,,,
Assurant Inc,AIZ US,7/23/2015,E,,ER,Q2 2015,,,,,,,,,,,1.34,,,Q2 2015 Earnings Release,,,,,,,,,
Hanesbrands Inc,HBI US,7/23/2015,E,,ER,Q2 2015,,,,,,,,,,,0.5,,,Q2 2015 Earnings Release,,,,,,,,,
Delta Air Lines Inc,DAL US,7/23/2015,E,,ER,Q2 2015,,,,,,,,,,,1.22,,,Q2 2015 Earnings Release,,,,,,,,,
TE Connectivity Ltd,TEL US,7/23/2015,E,,ER,Q3 2015,,,,,,,,,,,0.881,,0.87,Q3 2015 Earnings Release,,,,,,,,,
Cabot Oil & Gas Corp,COG US,7/24/2015,C,Bef-mkt,ER,Q2 2015,,,,,,,,,,,0.039,,,Q2 2015 Earnings Release,https://www.webcaster4.com/Webcast/Page/975/9270,,,,,,,,
Ventas Inc,VTR US,7/24/2015,C,Bef-mkt,ER,Q2 2015,(877) 474-9505,Ventas,(888) 286-8010,84642312,(857) 244-7558,Ventas,(617) 801-6888,84642312,,,1.155,,,Q2 2015 Earnings Release,http://edge.media-server.com/m/p/hoc3uawp/lan/en,,,,,,,,
Simon Property Group Inc,SPG US,7/24/2015,C,Bef-mkt,ER,Q2 2015,800-237-9752,30453698,888-286-8010,52068250,617-847-8706,30453698,617-801-6888,52068250,,,2.346,,,Q2 2015 Earnings Release,http://investors.simon.com/phoenix.zhtml?c=113968&p=irol-IRHome,,,,,,,,
Moody's Corp,MCO US,7/24/2015,C,Bef-mkt,ER,Q2 2015,877-400-0505,Moody’s Corporati,888-203-1112,2759861,719-234-7477,Moody’s Corporati,719-457-0820,2759861,,,1.216,,,Q2 2015 Earnings Release,http://ir.moodys.com/CorporateProfile.aspx?iid=108462,,,,,,,,
AbbVie Inc,ABBV US,7/24/2015,C,Bef-mkt,ER,Q2 2015,,,,,,,,,,,1.055,,1.05,Q2 2015 Earnings Release,http://www.abbvieinvestor.com/phoenix.zhtml?c=251551&p=irol-calendar,,,,,,,,
Rockwell Collins Inc,COL US,7/24/2015,C,7:30,ER,Q3 2015,,,,,,,,,,,1.3,,,Q3 2015 Earnings Release,http://investor.rockwellcollins.com/investor-relations/events-and-presentations/default.aspx,,,,,,,,
American Electric Power Co Inc,AEP US,7/24/2015,E,,ER,Q2 2015,,,,,,,,,,,0.788,,,Q2 2015 Earnings Release,,,,,,,,,
American Airlines Group Inc,AAL US,7/24/2015,E,,ER,Q2 2015,,,,,,,,,,,2.64,,,Q2 2015 Earnings Release,,,,,,,,,
Aon PLC,AON US,7/24/2015,E,,ER,Q2 2015,,,,,,,,,,,1.292,,,Q2 2015 Earnings Release,,,,,,,,,
Avery Dennison Corp,AVY US,7/24/2015,E,,ER,Q2 2015,,,,,,,,,,,0.876,,,Q2 2015 Earnings Release,,,,,,,,,
CMS Energy Corp,CMS US,7/24/2015,E,,ER,Q2 2015,,,,,,,,,,,0.345,,,Q2 2015 Earnings Release,,,,,,,,,
Hershey Co/The,HSY US,7/24/2015,E,,ER,Q2 2015,,,,,,,,,,,0.749,,,Q2 2015 Earnings Release,,,,,,,,,
Nucor Corp,NUE US,7/24/2015,E,,ER,Q2 2015,,,,,,,,,,,0.271,,,Q2 2015 Earnings Release,,,,,,,,,
Precision Castparts Corp,PCP US,7/24/2015,E,,ER,Q1 2016,,,,,,,,,,,3.038,,,Q1 2016 Earnings Release,,,,,,,,,
Universal Health Services Inc,UHS US,7/24/2015,E,,ER,Q2 2015,,,,,,,,,,,1.625,,,Q2 2015 Earnings Release,,,,,,,,,
Xerox Corp,XRX US,7/24/2015,T,,ER,Q2 2015,,,,,,,,,,,0.223,,0.22,Q2 2015 Earnings Release,http://www.media-server.com/m/acs/929f24800f8947dc2ef346885d8c2ac9,,,,,,,,
Sigma-Aldrich Corp,SIAL US,7/24/2015,E,,ER,Q2 2015,,,,,,,,,,,1.103,,,Q2 2015 Earnings Release,,,,,,,,,
Celgene Corp,CELG US,7/24/2015,E,,ER,Q2 2015,,,,,,,,,,,1.132,,,Q2 2015 Earnings Release,,,,,,,,,
Cerner Corp,CERN US,7/24/2015,E,,ER,Q2 2015,,,,,,,,,,,0.516,,0.515,Q2 2015 Earnings Release,,,,,,,,,
State Street Corp,STT US,7/24/2015,C,,ER,Q2 2015,(877) 423-4013,62839662,(855) 859-2056,62839662,(706) 679-5594,62839662,(404) 537-3406,62839662,,,1.366,,,Q2 2015 Earnings Release,http://investors.statestreet.com/,,,,,,,,
Royal Caribbean Cruises Ltd,RCL US,7/24/2015,E,,ER,Q2 2015,,,,,,,,,,,0.72,,0.7,Q2 2015 Earnings Release,,,,,,,,,
FLIR Systems Inc,FLIR US,7/24/2015,E,,ER,Q2 2015,,,,,,,,,,,0.372,,,Q2 2015 Earnings Release,,,,,,,,,
AmerisourceBergen Corp,ABC US,7/24/2015,E,,ER,Q3 2015,,,,,,,,,,,1.146,,,Q3 2015 Earnings Release,,,,,,,,,
Alexion Pharmaceuticals Inc,ALXN US,7/24/2015,E,,ER,Q2 2015,,,,,,,,,,,1.387,,,Q2 2015 Earnings Release,,,,,,,,,
Amazon.com Inc,AMZN US,7/24/2015,E,,ER,Q2 2015,,,,,,,,,,,-0.161,,,Q2 2015 Earnings Release,,,,,,,,,
DTE Energy Co,DTE US,7/24/2015,E,,ER,Q2 2015,,,,,,,,,,,0.818,,,Q2 2015 Earnings Release,,,,,,,,,
Norfolk Southern Corp,NSC US,7/27/2015,C,8:45,ER,Q2 2015,877-869-3847,,877-660-6853,13605133,,,,,,,1.482,,,Q2 2015 Earnings Release,http://www.nscorp.com/content/nscorp/en/get-to-know-norfolk-southern/investor-relations/events.html,,,,,,,,
Plum Creek Timber Co Inc,PCL US,7/27/2015,C,Aft-mkt,ER,Q2 2015,800-572-9852,,855-859-2056,50834509,706-645-9676,,404-537-3406,50834509,,,0.088,,0.075,Q2 2015 Earnings Release,http://edge.media-server.com/m/p/p3b2eg4t/lan/en,,,,,,,,
Southwestern Energy Co,SWN US,7/27/2015,C,Aft-mkt,ER,Q2 2015,(877) 407-8035,,,,(201) 689-8035,,,,,,0.075,,,Q2 2015 Earnings Release,http://www.swn.com/investors/pages/eventspresentations.aspx,,,,,,,,
AvalonBay Communities Inc,AVB US,7/27/2015,C,Aft-mkt,ER,Q2 2015,(888) 221-3881,7798923,(888) 203-1112,7798923,(913) 312-0401,7798923,(719) 457-0820,7798923,,,1.892,,1.82,Q2 2015 Earnings Release,http://www.avalonbay.com/earnings,,,,,,,,
Hartford Financial Services Group Inc/The,HIG US,7/27/2015,C,Aft-mkt,ER,Q2 2015,,,,,,,,,,,0.787,,,Q2 2015 Earnings Release,http://edge.media-server.com/m/p/2nyc4p6s/lan/en,,,,,,,,
Airgas Inc,ARG US,7/28/2015,C,Bef-mkt,ER,Q1 2016,888-551-9018,,888-203-1112,8117609,719-325-2349,,719-457-0820,8117609,,,1.157,,,Q1 2016 Earnings Release,http://edge.media-server.com/m/p/wcsn6ned,,,,,,,,
Corning Inc,GLW US,7/28/2015,C,Bef-mkt,ER,Q2 2015,(800) 230-1074,,(800) 475-6701,363576,(612) 234-9960,,(320) 365-3844,363576,,,0.372,,,Q2 2015 Earnings Release,http://edge.media-server.com/m/p/cd6jbpuu,,,,,,,,
Ecolab Inc,ECL US,7/28/2015,C,Bef-mkt,ER,Q2 2015,888.787.0203,2nd Quarter,,,,,,,,,1.08,,1.08,Q2 2015 Earnings Release,http://edge.media-server.com/m/p/zcfe3wxt,,,,,,,,
Marsh & McLennan Cos Inc,MMC US,7/28/2015,C,Bef-mkt,ER,Q2 2015,877 795 3647,1182028,,,719 325 4895,1182028,,,,,0.798,,,Q2 2015 Earnings Release,http://edge.media-server.com/m/p/dahnfebt/lan/en,,,,,,,,
Merck & Co Inc,MRK US,7/28/2015,C,Bef-mkt,ER,Q2 2015,(877) 381-5782,73597302,(800) 399-7917,73597302,(706) 758-9927,73597302,(706) 758-9928,73597302,,,0.799,,,Q2 2015 Earnings Release,http://www.media-server.com/m/acs/68f3602c4ddcfb63ac0b5d1f5955191d,,,,,,,,
Laboratory Corp of America Holdings,LH US,7/28/2015,C,Bef-mkt,ER,Q2 2015,877-809-9811,68073423,855-859-2056,68073423,330-863-3287,68073423,404-537-3406,68073423,,,2.032,,,Q2 2015 Earnings Release,http://phx.corporate-ir.net/phoenix.zhtml?c=84636&p=irol-presentations,,,,,,,,
Pfizer Inc,PFE US,7/28/2015,C,Bef-mkt,ER,Q2 2015,(888) 835-0567,Second Quarter Earn,,,(631) 485-4476,Second Quarter Earn,,,,,0.514,,,Q2 2015 Earnings Release,https://www.webcaster4.com/Webcast/Page/748/8979,,,,,,,,
PACCAR Inc,PCAR US,7/28/2015,C,Bef-mkt,ER,Q2 2015,(855) 331-9679,PACCAR,,,(678) 304-6889,PACCAR,,,,,1.154,,,Q2 2015 Earnings Release,,,,,,,,,
DR Horton Inc,DHI US,7/28/2015,C,Bef-mkt,ER,Q3 2015,877-407-8033,,877-660-6853,13612787,,,,,,,0.513,,,Q3 2015 Earnings Release,http://investor.drhorton.com/phoenix.zhtml?p=irol-eventDetails&c=67920&eventID=5196611,,,,,,,,
United Parcel Service Inc,UPS US,7/28/2015,C,Bef-mkt,ER,Q2 2015,(612) 332-0632,346616,,,(612) 332-0632,346616,,,,,1.266,,,Q2 2015 Earnings Release,http://edge.media-server.com/m/p/xpj63su4/lan/en,,,,,,,,
CONSOL Energy Inc,CNX US,7/28/2015,C,6:45,ER,Q2 2015,(800) 553-0288,353101,(800) 475-6701,353101,(612) 332-0720,353101,(320) 365-3844,353101,,,0.078,,,Q2 2015 Earnings Release,http://edge.media-server.com/m/p/5rhza4ww/lan/en,,,,,,,,
Ingersoll-Rand PLC,IR US,7/28/2015,C,7:00,ER,Q2 2015,,,855-859-2056,74233009,,,404-537-3406,74233009,,,1.226,,1.2,Q2 2015 Earnings Release,http://investor.shareholder.com/ir/events.cfm,,,,,,,,
Total System Services Inc,TSS US,7/28/2015,C,16:00,ER,Q2 2015,888 222 5992,49172,877.344.7529,10068037,412 902 6748,49172,,,,,0.534,,,Q2 2015 Earnings Release,http://investors.tsys.com/events-webcasts-and-presentations.aspx,,,,,,,,
Edwards Lifesciences Corp,EW US,7/28/2015,C,16:00,ER,Q2 2015,(877) 407-8037,,(877) 660-6853,13613570,(201) 689-8037,,(201) 612-7415,13613570,,,1.05,,1.05,Q2 2015 Earnings Release,http://edge.media-server.com/m/p/f7wtv9pf,,,,,,,,
Kimco Realty Corp,KIM US,7/28/2015,C,Aft-mkt,ER,Q2 2015,888-317-6003,2310641,877-344-7529,10066927,,,,,,,0.398,,,Q2 2015 Earnings Release,http://investors.kimcorealty.com/CorporateProfile.aspx?iid=102965,,,,,,,,
Amgen Inc,AMGN US,7/28/2015,C,Aft-mkt,ER,Q2 2015,,,,,,,,,,,2.408,,,Q2 2015 Earnings Release,,,,,,,,,
Range Resources Corp,RRC US,7/28/2015,C,Aft-mkt,ER,Q2 2015,877-407-0778,,877-660-6853,13612457,,,,,,,0.065,,,Q2 2015 Earnings Release,http://edge.media-server.com/m/p/uza55s7v/lan/en,,,,,,,,
Equity Residential,EQR US,7/28/2015,C,Aft-mkt,ER,Q2 2015,,,,,,,,,,,0.853,,0.84,Q2 2015 Earnings Release,http://investors.equityapartments.com/CorporateProfile.aspx?iid=103054,,,,,,,,
CH Robinson Worldwide Inc,CHRW US,7/28/2015,C,Aft-mkt,ER,Q2 2015,888-516-2441,3923556,888-203-1112,3923556,719-325-2280,3923556,719-457-0820,3923556,,,0.865,,,Q2 2015 Earnings Release,http://edge.media-server.com/m/p/ddti4pti/lan/en,,,,,,,,
Akamai Technologies Inc,AKAM US,7/28/2015,C,Aft-mkt,ER,Q2 2015,(877) 703-6102,86468839,888-286-8010,51036774,(857) 244-7301,86468839,617-801-6888,51036774,,,0.582,,0.57,Q2 2015 Earnings Release,http://edge.media-server.com/m/p/hqi7gbtp/lan/en,,,,,,,,
Aflac Inc,AFL US,7/28/2015,C,,ER,Q2 2015,,,,,,,,,,,1.528,,,Q2 2015 Earnings Release,,,,,,,,,
Cummins Inc,CMI US,7/28/2015,E,,ER,Q2 2015,,,,,,,,,,,2.555,,,Q2 2015 Earnings Release,,,,,,,,,
EI du Pont de Nemours & Co,DD US,7/28/2015,C,,ER,Q2 2015,,,,,,,,,,,1.228,,,Q2 2015 Earnings Release,,,,,,,,,
XL Group PLC,XL US,7/28/2015,E,,ER,Q2 2015,,,,,,,,,,,0.83,,,Q2 2015 Earnings Release,,,,,,,,,
Ford Motor Co,F US,7/28/2015,C,,ER,Q2 2015,,,,,,,,,,,0.372,,,Q2 2015 Earnings Release,,,,,,,,,
Jacobs Engineering Group Inc,JEC US,7/28/2015,E,,ER,Q3 2015,,,,,,,,,,,0.751,,,Q3 2015 Earnings Release,,,,,,,,,
Masco Corp,MAS US,7/28/2015,E,,ER,Q2 2015,,,,,,,,,,,0.353,,,Q2 2015 Earnings Release,,,,,,,,,
Textron Inc,TXT US,7/28/2015,C,,ER,Q2 2015,(800) 700-7860,,(320) 365-3844,337220,(612) 332-1210,,(320) 365-3844,337220,,,0.585,,,Q2 2015 Earnings Release,http://investor.textron.com/investor-relations/events-and-presentations/event-details/2015/Q2-2015-Textron-Inc-Earnings-Conference-Call/default.aspx,,,,,,,,
Gilead Sciences Inc,GILD US,7/28/2015,C,,ER,Q2 2015,,,,,,,,,,,2.643,,,Q2 2015 Earnings Release,,,,,,,,,
Roper Technologies Inc,ROP US,7/28/2015,E,,ER,Q2 2015,,,,,,,,,,,1.64,,1.615,Q2 2015 Earnings Release,,,,,,,,,
Eastman Chemical Co,EMN US,7/28/2015,E,,ER,Q2 2015,,,,,,,,,,,1.84,,,Q2 2015 Earnings Release,,,,,,,,,
National Oilwell Varco Inc,NOV US,7/28/2015,C,,ER,Q2 2015,(866) 312-4825,,,,720 634 2948,,,,,,0.662,,,Q2 2015 Earnings Release,http://www.media-server.com/m/acs/de86f9ee8ddd8f7754164a94330f1115,,,,,,,,
LyondellBasell Industries NV,LYB US,7/28/2015,C,,ER,Q2 2015,,,,,,,,,,,2.534,,,Q2 2015 Earnings Release,,,,,,,,,
Wyndham Worldwide Corp,WYN US,7/28/2015,C,,ER,Q2 2015,800-369-2125,WYNDHAM,866-443-2927,,,,,,,,1.258,,,Q2 2015 Earnings Release,http://edge.media-server.com/m/p/gyin9hu3/lan/en,,,,,,,,
Hess Corp,HES US,7/29/2015,C,Bef-mkt,ER,Q2 2015,866-318-8618,64595974,888-286-8010,16621544,617-399-5137,64595974,617-801-6888,16621544,,,-0.798,,,Q2 2015 Earnings Release,http://phx.corporate-ir.net/phoenix.zhtml?c=101801&p=irol-EventDetails&EventId=5196784,,,,,,,,
Praxair Inc,PX US,7/29/2015,C,Bef-mkt,ER,Q2 2015,(631) 485-4849,72624899,(404) 537-3406,72624899,(631) 485-4849,72624899,(404) 537-3406,72624899,,,1.461,,1.44,Q2 2015 Earnings Release,http://edge.media-server.com/m/p/un3ttjar/lan/en,,,,,,,,
Humana Inc,HUM US,7/29/2015,C,6:00,ER,Q2 2015,,,,,,,,,,,2.363,,,Q2 2015 Earnings Release,http://phx.corporate-ir.net/phoenix.zhtml?c=92913&p=irol-EventDetails&EventId=5176403,,,,,,,,
American Tower Corp,AMT US,7/29/2015,C,7:00,ER,Q2 2015,(877) 586-5042,78024660,(855) 859-2056,78024660,(706) 645-9644,78024660,(404) 537-3406,78024660,,,1.13,,,Q2 2015 Earnings Release,http://www.americantower.com/corporateus/investor-relations/webcasts/index.htm,,,,,,,,
Franklin Resources Inc,BEN US,7/29/2015,C,8:30,ER,Q3 2015,(877) 407-8293,,(877) 660-6853,13613217,(201) 689-8349,,(201) 612-7415,13613217,,,0.884,,,Q3 2015 Earnings Release,http://investors.franklinresources.com/investor-relations/investor-relations/default.aspx,,,,,,,,
Unum Group,UNM US,7/29/2015,C,16:00,ER,Q2 2015,(888) 211-4495,2630506,(888) 203-1112,2630506,(913) 312-1377,2630506,(719) 457-0820,2630506,,,0.901,,,Q2 2015 Earnings Release,http://78449.choruscall.com/dataconf/productusers/unm/mediaframe/12178/indexr.html,,,,,,,,
Realty Income Corp,O US,7/29/2015,C,16:00,ER,Q2 2015,(888) 504-7963,3578577,(888) 203-1112,3578577,,,,,,,0.676,,,Q2 2015 Earnings Release,http://investors.realtyincome.com/investors-overview,,,,,,,,
O'Reilly Automotive Inc,ORLY US,7/29/2015,C,16:30,ER,Q2 2015,(847) 585-4405,40041445,,,,,,,,,2.26,,2.19,Q2 2015 Earnings Release,https://corporate.oreillyauto.com/corporate/NewsRoom.do,,,,,,,,
Marriott International Inc/MD,MAR US,7/29/2015,C,17:00,ER,Q2 2015,706-679-3455,66506287,404-537-3406,66506287,706-679-3455,66506287,404-537-3406,66506287,,,0.813,,0.805,Q2 2015 Earnings Release,http://edge.media-server.com/m/p/iowd4ekt,,,,,,,,
Lincoln National Corp,LNC US,7/29/2015,C,Aft-mkt,ER,Q2 2015,(877) 776-4049,,(855) 859-2056,68098292,(914) 495-8602,,(404) 537-3406,68098292,,,1.534,,,Q2 2015 Earnings Release,https://www.lincolnfinancial.com/LincolnPageServer?LFGPage=/lfg/lfgclient/abt/ivrel/web/index.html,,,,,,,,
Owens-Illinois Inc,OI US,7/29/2015,C,Aft-mkt,ER,Q2 2015,888-733-1701,,,,706-634-4943,,,,,,0.594,,0.575,Q2 2015 Earnings Release,http://edge.media-server.com/m/p/mox8fkbj/lan/en,,,,,,,,
Varian Medical Systems Inc,VAR US,7/29/2015,C,Aft-mkt,ER,Q3 2015,877-869-3847,,877-660-6853,13613043,201-689-8261,,201-612-7415,13613043,,,1.109,,,Q3 2015 Earnings Release,http://www.investorcalendar.com/event/174107,,,,,,,,
Fiserv Inc,FISV US,7/29/2015,C,Aft-mkt,ER,Q2 2015,,,,,,,,,,,0.936,,,Q2 2015 Earnings Release,http://edge.media-server.com/m/p/xjhnd76t,,,,,,,,
Whole Foods Market Inc,WFM US,7/29/2015,C,Aft-mkt,ER,Q3 2015,877-876-9177,Whole Foods,,,785-424-1666,Whole Foods,,,,,0.447,,,Q3 2015 Earnings Release,http://www.wholefoodsmarket.com/company-info/investor-relations,,,,,,,,
MetLife Inc,MET US,7/29/2015,C,Aft-mkt,ER,Q2 2015,800-230-1074,,800-475-6701,344936,612-234-9959,,320-365-3844,344936,,,1.489,,,Q2 2015 Earnings Release,http://edge.media-server.com/m/p/mgsdy4pf/lan/en,,,,,,,,
Facebook Inc,FB US,7/29/2015,C,Aft-mkt,ER,Q2 2015,,,(855) 859-2056,69328687,,,(404) 537-3406,69328687,,,0.468,,,Q2 2015 Earnings Release,http://edge.media-server.com/m/p/r62axc3n,,,,,,,,
Qorvo Inc,QRVO US,7/29/2015,C,Aft-mkt,ER,Q1 2016,,,,,,,,,,,1.036,,1.05,Q1 2016 Earnings Release,,,,,,,,,
Anadarko Petroleum Corp,APC US,7/29/2015,E,,ER,Q2 2015,,,,,,,,,,,-0.62,,,Q2 2015 Earnings Release,,,,,,,,,
AGL Resources Inc,GAS US,7/29/2015,E,,ER,Q2 2015,,,,,,,,,,,0.423,,,Q2 2015 Earnings Release,,,,,,,,,
Baxter International Inc,BAX US,7/29/2015,C,,ER,Q2 2015,,,,,,,,,,,0.947,,0.94,Q2 2015 Earnings Release,,,,,,,,,
Dominion Resources Inc/VA,D US,7/30/2015,E,,ER,Q2 2015,,,,,,,,,,,0.747,,0.7,Q2 2015 Earnings Release,,,,,,,,,
NextEra Energy Inc,NEE US,7/29/2015,E,,ER,Q2 2015,,,,,,,,,,,1.473,,,Q2 2015 Earnings Release,,,,,,,,,
Harris Corp,HRS US,7/29/2015,E,,ER,Q4 2015,,,,,,,,,,,1.22,,,Q4 2015 Earnings Release,,,,,,,,,
International Paper Co,IP US,7/29/2015,C,,ER,Q2 2015,,,,,,,,,,,0.935,,,Q2 2015 Earnings Release,,,,,,,,,
McGraw Hill Financial Inc,MHFI US,7/29/2015,E,,ER,Q2 2015,,,,,,,,,,,1.135,,,Q2 2015 Earnings Release,,,,,,,,,
Murphy Oil Corp,MUR US,7/29/2015,C,,ER,Q2 2015,888-296-4174,5679022,888-203-1112,5679022,,,,,,,-0.58,,,Q2 2015 Earnings Release,http://edge.media-server.com/m/p/dxxkueub/lan/en,,,,,,,,
PG&E Corp,PCG US,7/29/2015,C,,ER,Q2 2015,,,(866) 415-9493,24191#,,,(205) 289-3247,24191#,,,0.716,,,Q2 2015 Earnings Release,https://event.on24.com/eventRegistration/EventLobbyServlet?target=registration.jsp&eventid=1020759&sessionid=1&key=52F6A768666997E4AA4E1B89F77A5B5E&sourcepage=register,,,,,,,,
Cincinnati Financial Corp,CINF US,7/29/2015,E,,ER,Q2 2015,,,,,,,,,,,0.437,,,Q2 2015 Earnings Release,,,,,,,,,
Express Scripts Holding Co,ESRX US,7/29/2015,E,,ER,Q2 2015,,,,,,,,,,,1.4,,1.41,Q2 2015 Earnings Release,,,,,,,,,
Noble Corp plc,NE US,7/29/2015,E,,ER,Q2 2015,,,,,,,,,,,0.504,,,Q2 2015 Earnings Release,,,,,,,,,
Vertex Pharmaceuticals Inc,VRTX US,7/29/2015,E,,ER,Q2 2015,,,,,,,,,,,-0.787,,,Q2 2015 Earnings Release,,,,,,,,,
Martin Marietta Materials Inc,MLM US,7/29/2015,E,,ER,Q2 2015,,,,,,,,,,,1.709,,,Q2 2015 Earnings Release,,,,,,,,,
Level 3 Communications Inc,LVLT US,7/29/2015,C,,ER,Q2 2015,877-283-5145,,800-633-8284,21771187,1 312-281-1200,,402-977-9140,21771187,,,0.283,,,Q2 2015 Earnings Release,http://investors.level3.com/investor-relations/default.aspx,,,,,,,,
Affiliated Managers Group Inc,AMG US,7/29/2015,E,,ER,Q2 2015,,,,,,,,,,,3.037,,,Q2 2015 Earnings Release,,,,,,,,,
Boston Properties Inc,BXP US,7/29/2015,E,,ER,Q2 2015,,,,,,,,,,,1.338,,1.33,Q2 2015 Earnings Release,,,,,,,,,
Reynolds American Inc,RAI US,7/29/2015,E,,ER,Q2 2015,,,,,,,,,,,0.972,,,Q2 2015 Earnings Release,,,,,,,,,
Anthem Inc,ANTM US,7/29/2015,C,,ER,Q2 2015,,,,,,,,,,,2.713,,,Q2 2015 Earnings Release,,,,,,,,,
CBRE Group Inc,CBG US,7/29/2015,E,,ER,Q2 2015,,,,,,,,,,,0.423,,,Q2 2015 Earnings Release,,,,,,,,,
MasterCard Inc,MA US,7/29/2015,C,,ER,Q2 2015,866-393-4306,66650115,855-859-2056,66650115,734-385-2616,66650115,404-537-3406,66650115,,,0.857,,,Q2 2015 Earnings Release,https://event.on24.com/eventRegistration/EventLobbyServlet?target=registration.jsp&eventid=1011208&sessionid=1&key=AF1C766EDB3322C2CFF04E3E8C952AE8&sourcepage=register,,,,,,,,
Fidelity National Information Services Inc,FIS US,7/29/2015,E,,ER,Q2 2015,,,,,,,,,,,0.711,,,Q2 2015 Earnings Release,,,,,,,,,
Wynn Resorts Ltd,WYNN US,7/29/2015,E,,ER,Q2 2015,,,,,,,,,,,1.143,,,Q2 2015 Earnings Release,,,,,,,,,
Genworth Financial Inc,GNW US,7/29/2015,E,,ER,Q2 2015,,,,,,,,,,,0.267,,,Q2 2015 Earnings Release,,,,,,,,,
Nielsen NV,NLSN US,7/29/2015,E,,ER,Q2 2015,,,,,,,,,,,0.64,,,Q2 2015 Earnings Release,,,,,,,,,
HCA Holdings Inc,HCA US,7/29/2015,E,,ER,Q2 2015,,,,,,,,,,,1.323,,,Q2 2015 Earnings Release,,,,,,,,,
Xylem Inc/NY,XYL US,7/29/2015,E,,ER,Q2 2015,,,,,,,,,,,0.429,,,Q2 2015 Earnings Release,,,,,,,,,
Automatic Data Processing Inc,ADP US,7/30/2015,C,Bef-mkt,ER,Q4 2015,855-469-0570,69710396,,,678-865-8998,69710396,,,,,0.593,,,Q4 2015 Earnings Release,http://edge.media-server.com/m/p/yswcju3b/,,,,,,,,
Ball Corp,BLL US,7/30/2015,C,Bef-mkt,ER,Q2 2015,800-354-6885,,800-633-8284,21771157,303-223-2685,,402-977-9140,21771157,,,0.952,,,Q2 2015 Earnings Release,http://edge.media-server.com/m/p/fv8rouxe/lan/en,,,,,,,,
Coca-Cola Enterprises Inc,CCE US,7/30/2015,C,Bef-mkt,ER,Q2 2015,,,,,,,,,,,0.751,,,Q2 2015 Earnings Release,http://edge.media-server.com/m/p/qxphks2v/lan/en,,,,,,,,
Starwood Hotels & Resorts Worldwide Inc,HOT US,7/30/2015,C,Bef-mkt,ER,Q2 2015,(866) 921-0636,69941686,(855) 859-2056,69941686,(706) 758-8764,69941686,(404) 537-3406,69941686,,,0.74,,0.72,Q2 2015 Earnings Release,http://edge.media-server.com/m/p/awdrautn,,,,,,,,
Host Hotels & Resorts Inc,HST US,7/30/2015,C,Bef-mkt,ER,Q2 2015,(719) 325-2278,,(888) 203-1112,6231211,(719) 325-2278,,,,,,0.453,,,Q2 2015 Earnings Release,http://ir.hosthotels.com/phoenix.zhtml?c=60734&p=irol-irhome,,,,,,,,
Pinnacle West Capital Corp,PNW US,7/30/2015,C,Bef-mkt,ER,Q2 2015,(877) 407-8035,,(877) 660-6853,13612909,(201) 689-8035,,(201) 612-7415,13612909,,,1.248,,,Q2 2015 Earnings Release,http://www.pinnaclewest.com/investors/events-and-presentations/default.aspx,,,,,,,,
Pitney Bowes Inc,PBI US,7/30/2015,C,Bef-mkt,ER,Q2 2015,(612) 288-0337,,(320) 365-3844,363198,(612) 288-0337,,(320) 365-3844,363198,,,0.453,,,Q2 2015 Earnings Release,http://www.pb.com/investorrelations,,,,,,,,
Procter & Gamble Co/The,PG US,7/30/2015,C,Bef-mkt,ER,Q4 2015,877-741-4248,6097936,,,719-325-4810,6097936,,,,,0.949,,,Q4 2015 Earnings Release,http://78449.choruscall.com/dataconf/productusers/pg2/mediaframe/12148/indexr.html,,,,,,,,
SCANA Corp,SCG US,7/30/2015,C,Bef-mkt,ER,Q2 2015,888-347-3258,,877-344-7529,10067113,412-902-4279,,412-317-0088,10067113,,,0.614,,,Q2 2015 Earnings Release,https://www.scana.com/investors,,,,,,,,
Stanley Black & Decker Inc,SWK US,7/30/2015,C,Bef-mkt,ER,Q2 2015,(877) 930-8285,77039075,(855) 859-2056,77039075,(253) 336-8297,77039075,(404) 537-3406,77039075,,,1.443,,,Q2 2015 Earnings Release,http://edge.media-server.com/m/p/u2knuo2u/lan/en,,,,,,,,
Cardinal Health Inc,CAH US,7/30/2015,C,Bef-mkt,ER,Q4 2015,913-312-1448,5598613,719-457-0820,5598613,913-312-1448,5598613,719-457-0820,5598613,,,0.986,,,Q4 2015 Earnings Release,http://ir.cardinalhealth.com/events-and-presentations/event-details/2015/4Q-FY2015-Cardinal-Health-Inc-Earnings-Conference-Call/default.aspx,,,,,,,,
Ensco PLC,ESV US,7/30/2015,C,Bef-mkt,ER,Q2 2015,855-239-3215,,877-344-7529,10066953,412-542-4130,,412-317-0088,10066953,,,1.04,,,Q2 2015 Earnings Release,http://edge.media-server.com/m/p/tb3eosgm,,,,,,,,
BorgWarner Inc,BWA US,7/30/2015,C,Bef-mkt,ER,Q2 2015,,,,,,,,,,,0.84,,,Q2 2015 Earnings Release,http://www.videonewswire.com/event.asp?id=102556,,,,,,,,
Iron Mountain Inc,IRM US,7/30/2015,C,Bef-mkt,ER,Q2 2015,877.730.0431,75497078,855.859.2056,75497078,973.453.3063,75497078,404.537.3406,75497078,,,0.543,,,Q2 2015 Earnings Release,http://investors.ironmountain.com/company/for-investors/investors-overview/default.aspx,,,,,,,,
CME Group Inc/IL,CME US,7/30/2015,C,Bef-mkt,ER,Q2 2015,800-593-0370,,,,773-681-5843,,,,,,0.896,,,Q2 2015 Earnings Release,http://edge.media-server.com/m/p/hj3htgso,,,,,,,,
Xcel Energy Inc,XEL US,7/30/2015,C,Bef-mkt,ER,Q2 2015,877-723-9520,5079681,888-203-1112,5079681,719-325-4744,5079681,719-457-0820,5079681,,,0.414,,,Q2 2015 Earnings Release,http://www.snl.com/IRW/event/4025308,,,,,,,,
Marathon Petroleum Corp,MPC US,7/30/2015,C,Bef-mkt,ER,Q2 2015,,,,,,,,,,,1.644,,,Q2 2015 Earnings Release,http://edge.media-server.com/m/p/ukuibfkg/lan/en,,,,,,,,
Delphi Automotive PLC,DLPH US,7/30/2015,C,Bef-mkt,ER,Q2 2015,888.486.0553,75261541,,,1.706.634.4982,75261541,,,,,1.347,,1.32,Q2 2015 Earnings Release,http://investor.delphi.com/investors/events-presentations/event-calendar/default.aspx,,,,,,,,
Allegion PLC,ALLE US,7/30/2015,C,Bef-mkt,ER,Q2 2015,866-516-0797,70554707,,,708-290-1138,70554707,,,,,0.701,,,Q2 2015 Earnings Release,http://investor.allegion.com/,,,,,,,,
Cigna Corp,CI US,7/30/2015,C,6:30,ER,Q2 2015,,,,,,,,,,,2.236,,,Q2 2015 Earnings Release,,,,,,,,,
Leggett & Platt Inc,LEG US,7/30/2015,C,Aft-mkt,ER,Q2 2015,,,,,,,,,,,0.537,,,Q2 2015 Earnings Release,,,,,,,,,
KLA-Tencor Corp,KLAC US,7/30/2015,C,Aft-mkt,ER,Q4 2015,,,,,,,,,,,0.916,,0.9,Q4 2015 Earnings Release,http://edge.media-server.com/m/p/39yncjtx,,,,,,,,
Essex Property Trust Inc,ESS US,7/30/2015,C,Aft-mkt,ER,Q2 2015,(877) 591-4953,,(877) 870-5176,7087262,(719) 325-4763,,,,,,2.33,,2.31,Q2 2015 Earnings Release,http://investors.essexapartmenthomes.com/,,,,,,,,
Apartment Investment & Management Co,AIV US,7/30/2015,C,Aft-mkt,ER,Q2 2015,888-317-6003,3442231,877-344-7529,10068515,412-317-6061,3442231,412-317-0088,10068515,,,0.536,,0.51,Q2 2015 Earnings Release,http://78449.choruscall.com/dataconf/productusers/aiv/mediaframe/12141/indexr.html,,,,,,,,
Western Union Co/The,WU US,7/30/2015,C,Aft-mkt,ER,Q2 2015,(888) 317-6003,5762800,(877) 344-7529,10068122,(412) 317-6061,5762800,(412) 317-0088,10068122,,,0.393,,,Q2 2015 Earnings Release,http://ir.westernunion.com/investor-relations/default.aspx,,,,,,,,
Fluor Corp,FLR US,7/30/2015,C,Aft-mkt,ER,Q2 2015,877-723-9509,9523230,888-203-1112,9523230,719-325-4752,9523230,719-457-0820,9523230,,,1.061,,,Q2 2015 Earnings Release,http://edge.media-server.com/m/p/7oi6jw9n/lan/en,,,,,,,,
Colgate-Palmolive Co,CL US,7/30/2015,C,,ER,Q2 2015,(888) 726-2418,3658720,888 203-1112,3658720,(913) 312-1502,3658720,(719) 457-0820,3658720,,,0.704,,,Q2 2015 Earnings Release,http://investor.colgate.com/events.cfm,,,,,,,,
FMC Corp,FMC US,7/30/2015,E,,ER,Q2 2015,,,,,,,,,,,0.7,,,Q2 2015 Earnings Release,,,,,,,,,
Goodyear Tire & Rubber Co/The,GT US,7/30/2015,E,,ER,Q2 2015,,,,,,,,,,,0.759,,,Q2 2015 Earnings Release,,,,,,,,,
Edison International,EIX US,7/30/2015,C,,ER,Q2 2015,800-369-2198,Edison,888-567-0459,85749,773-756-4618,Edison,402-998-1812,85749,,,0.75,,,Q2 2015 Earnings Release,http://www.edison.com/home/investors.html,,,,,,,,
Southern Co/The,SO US,7/30/2015,E,,ER,Q2 2015,,,,,,,,,,,0.673,,0.69,Q2 2015 Earnings Release,,,,,,,,,
Tesoro Corp,TSO US,7/30/2015,E,,ER,Q2 2015,,,,,,,,,,,2.999,,,Q2 2015 Earnings Release,,,,,,,,,
Western Digital Corp,WDC US,7/30/2015,E,,ER,Q4 2015,,,,,,,,,,,1.568,,1.55,Q4 2015 Earnings Release,,,,,,,,,
Williams Cos Inc/The,WMB US,7/30/2015,E,,ER,Q2 2015,,,,,,,,,,,0.242,,,Q2 2015 Earnings Release,,,,,,,,,
WEC Energy Group Inc,WEC US,7/30/2015,E,,ER,Q2 2015,,,,,,,,,,,0.572,,0.55,Q2 2015 Earnings Release,,,,,,,,,
Health Care REIT Inc,HCN US,7/30/2015,E,,ER,Q2 2015,,,,,,,,,,,1.076,,,Q2 2015 Earnings Release,,,,,,,,,
Lam Research Corp,LRCX US,7/30/2015,E,,ER,Q4 2015,,,,,,,,,,,1.474,,1.46,Q4 2015 Earnings Release,,,,,,,,,
Rockwell Automation Inc,ROK US,7/30/2015,E,,ER,Q3 2015,,,,,,,,,,,1.542,,,Q3 2015 Earnings Release,,,,,,,,,
Valero Energy Corp,VLO US,7/30/2015,C,,ER,Q2 2015,888-771-4371,40041575,888-843-7419,40041575,847-585-4405,40041575,630-652-3042,40041575,,,1.956,,,Q2 2015 Earnings Release,http://www.valero.com/InvestorRelations/Pages/EventsPresentations.aspx,,,,,,,,
Sealed Air Corp,SEE US,7/30/2015,C,,ER,Q2 2015,,,,,,,,,,,0.526,,,Q2 2015 Earnings Release,http://edge.media-server.com/m/p/r5qj7uyc/lan/en,,,,,,,,
Garmin Ltd,GRMN US,7/30/2015,E,,ER,Q2 2015,,,,,,,,,,,0.908,,,Q2 2015 Earnings Release,,,,,,,,,
Zimmer Biomet Holdings Inc,ZBH US,7/30/2015,C,,ER,Q2 2015,,,,,,,,,,,1.566,,1.565,Q2 2015 Earnings Release,,,,,,,,,
Equinix Inc,EQIX US,7/30/2015,E,,ER,Q2 2015,,,,,,,,,,,2.971,,,Q2 2015 Earnings Release,,,,,,,,,
Hospira Inc,HSP US,7/30/2015,E,,ER,Q2 2015,,,,,,,,,,,0.835,,,Q2 2015 Earnings Release,,,,,,,,,
Expedia Inc,EXPE US,7/30/2015,T,,ER,Q2 2015,,,,,,,,,,,0.871,,,Q2 2015 Earnings Release,,,,,,,,,
Kraft Foods Group Inc,KRFT US,7/30/2015,E,,ER,Q2 2015,,,,,,,,,,,0.847,,,Q2 2015 Earnings Release,,,,,,,,,
ADT Corp/The,ADT US,7/30/2015,E,,ER,Q3 2015,,,,,,,,,,,0.507,,,Q3 2015 Earnings Release,,,,,,,,,
Exxon Mobil Corp,XOM US,7/31/2015,C,Bef-mkt,ER,Q2 2015,(888) 221-9508,8076198,(888) 203-1112,8076198,(913) 312-1507,8076198,(719) 457-0820,8076198,,,0.982,,,Q2 2015 Earnings Release,http://edge.media-server.com/m/p/drh9c7u3/lan/en,,,,,,,,
Tyco International Plc,TYC US,7/31/2015,C,Bef-mkt,ER,Q3 2015,800 857 9797,Tyco,866 353 3070,4999,517 308 9029,Tyco,203 369 0090,4999,,,0.56,,0.56,Q3 2015 Earnings Release,http://investors.tyco.com/phoenix.zhtml?c=112348&p=irol-eventDetails&EventId=5196761,,,,,,,,
Weyerhaeuser Co,WY US,7/31/2015,C,Bef-mkt,ER,Q2 2015,877-296-9413,28347567,855-859-2056,28347567,706-679-2458,28347567,404-537-3406,28347567,,,0.225,,,Q2 2015 Earnings Release,http://investor.weyerhaeuser.com/,,,,,,,,
Public Service Enterprise Group Inc,PEG US,7/31/2015,C,7:30,ER,Q2 2015,877-370-7635,72301059,855-859-2056,72301059,,,,,,,0.552,,,Q2 2015 Earnings Release,http://investor.pseg.com/events-calendar,,,,,,,,
Phillips 66,PSX US,7/31/2015,C,8:00,ER,Q2 2015,,,,,,,,,,,1.808,,,Q2 2015 Earnings Release,http://investor.phillips66.com/investors/events-and-presentations/default.aspx,,,,,,,,
Apache Corp,APA US,7/31/2015,E,,ER,Q2 2015,,,,,,,,,,,-0.392,,,Q2 2015 Earnings Release,,,,,,,,,
Berkshire Hathaway Inc,BRK/A US,7/31/2015,E,,ER,Q2 2015,,,,,,,,,,,3034.83,,,Q2 2015 Earnings Release,,,,,,,,,
Chevron Corp,CVX US,7/31/2015,C,,ER,Q2 2015,(866) 219-5256,1658696,(888) 266-2081,1658696,(703) 639-1116,1658696,(703) 925-2533,1658696,,,1.011,,,Q2 2015 Earnings Release,http://edge.media-server.com/m/p/r7e82d8y/lan/en,,,,,,,,
Clorox Co/The,CLX US,7/31/2015,E,,ER,Q4 2015,,,,,,,,,,,1.37,,,Q4 2015 Earnings Release,,,,,,,,,
PerkinElmer Inc,PKI US,7/31/2015,E,,ER,Q2 2015,,,,,,,,,,,0.591,,0.58,Q2 2015 Earnings Release,,,,,,,,,
Helmerich & Payne Inc,HP US,7/31/2015,E,,ER,Q3 2015,,,,,,,,,,,0.184,,,Q3 2015 Earnings Release,,,,,,,,,
Legg Mason Inc,LM US,7/31/2015,E,,ER,Q1 2016,,,,,,,,,,,0.854,,,Q1 2016 Earnings Release,,,,,,,,,
Newell Rubbermaid Inc,NWL US,7/31/2015,E,,ER,Q2 2015,,,,,,,,,,,0.622,,,Q2 2015 Earnings Release,,,,,,,,,
NiSource Inc,NI US,7/31/2015,E,,ER,Q2 2015,,,,,,,,,,,0.263,,,Q2 2015 Earnings Release,,,,,,,,,
Eversource Energy,ES US,7/31/2015,E,,ER,Q2 2015,,,,,,,,,,,0.554,,,Q2 2015 Earnings Release,,,,,,,,,
Occidental Petroleum Corp,OXY US,7/31/2015,E,,ER,Q2 2015,,,,,,,,,,,0.258,,,Q2 2015 Earnings Release,,,,,,,,,
PPL Corp,PPL US,7/31/2015,E,,ER,Q2 2015,,,,,,,,,,,0.458,,,Q2 2015 Earnings Release,,,,,,,,,
Exelon Corp,EXC US,7/31/2015,E,,ER,Q2 2015,,,,,,,,,,,0.518,,0.5,Q2 2015 Earnings Release,,,,,,,,,
ConocoPhillips,COP US,7/31/2015,E,,ER,Q2 2015,,,,,,,,,,,0.048,,,Q2 2015 Earnings Release,,,,,,,,,
TECO Energy Inc,TE US,7/31/2015,E,,ER,Q2 2015,,,,,,,,,,,0.276,,,Q2 2015 Earnings Release,,,,,,,,,
Mohawk Industries Inc,MHK US,7/31/2015,E,,ER,Q2 2015,,,,,,,,,,,2.608,,2.555,Q2 2015 Earnings Release,,,,,,,,,
Pentair PLC,PNR US,7/31/2015,E,,ER,Q2 2015,,,,,,,,,,,0.95,,0.955,Q2 2015 Earnings Release,,,,,,,,,
DENTSPLY International Inc,XRAY US,7/31/2015,E,,ER,Q2 2015,,,,,,,,,,,0.684,,,Q2 2015 Earnings Release,,,,,,,,,
Invesco Ltd,IVZ US,7/31/2015,E,,ER,Q2 2015,,,,,,,,,,,0.617,,,Q2 2015 Earnings Release,,,,,,,,,
Microchip Technology Inc,MCHP US,7/31/2015,E,,ER,Q1 2016,,,,,,,,,,,0.711,,0.71,Q1 2016 Earnings Release,,,,,,,,,
McKesson Corp,MCK US,7/31/2015,E,,ER,Q1 2016,,,,,,,,,,,2.899,,,Q1 2016 Earnings Release,,,,,,,,,
DaVita HealthCare Partners Inc,DVA US,7/31/2015,E,,ER,Q2 2015,,,,,,,,,,,0.973,,,Q2 2015 Earnings Release,,,,,,,,,
L-3 Communications Holdings Inc,LLL US,7/31/2015,E,,ER,Q2 2015,,,,,,,,,,,1.715,,,Q2 2015 Earnings Release,,,,,,,,,
Quanta Services Inc,PWR US,7/31/2015,E,,ER,Q2 2015,,,,,,,,,,,0.453,,0.45,Q2 2015 Earnings Release,,,,,,,,,
Time Warner Cable Inc,TWC US,7/31/2015,E,,ER,Q2 2015,,,,,,,,,,,1.81,,,Q2 2015 Earnings Release,,,,,,,,,
Endo International PLC,ENDP US,7/31/2015,E,,ER,Q2 2015,,,,,,,,,,,1.022,,,Q2 2015 Earnings Release,,,,,,,,,
Pepco Holdings Inc,POM US,7/31/2015,E,,ER,Q2 2015,,,,,,,,,,,0.303,,,Q2 2015 Earnings Release,,,,,,,,,
DIRECTV,DTV US,7/31/2015,E,,ER,Q2 2015,,,,,,,,,,,1.608,,,Q2 2015 Earnings Release,,,,,,,,,
Mosaic Co/The,MOS US,7/31/2015,E,,ER,Q2 2015,,,,,,,,,,,0.898,,,Q2 2015 Earnings Release,,,,,,,,,
Public Storage,PSA US,8/2/2015,E,,ER,Q2 2015,,,,,,,,,,,2.136,,,Q2 2015 Earnings Release,,,,,,,,,
Noble Energy Inc,NBL US,8/3/2015,C,Bef-mkt,ER,Q2 2015,888-317-6003,9646671,,,412-317-6061,9646671,,,,,0.031,,,Q2 2015 Earnings Release,http://www.videonewswire.com/event.asp?id=102576,,,,,,,,
American International Group Inc,AIG US,8/3/2015,C,Aft-mkt,ER,Q2 2015,,,,,,,,,,,1.212,,,Q2 2015 Earnings Release,http://www.tataaiginsurance.in/about-us/tata-aig/,,,,,,,,
Tenet Healthcare Corp,THC US,8/3/2015,C,Aft-mkt,ER,Q2 2015,,,,,,,,,,,0.446,,0.395,Q2 2015 Earnings Release,,,,,,,,,
Vornado Realty Trust,VNO US,8/3/2015,C,Aft-mkt,ER,Q2 2015,,,,,,,,,,,1.245,,,Q2 2015 Earnings Release,http://www.vno.com/investor-relations,,,,,,,,
General Growth Properties Inc,GGP US,8/3/2015,C,Aft-mkt,ER,Q2 2015,877.845.1018,,855.859.2056,62940731,707.287.9345,,404.537.3406,62940731,,,0.328,,0.32,Q2 2015 Earnings Release,http://edge.media-server.com/m/p/xugft4gt,,,,,,,,
Allstate Corp/The,ALL US,8/3/2015,C,Aft-mkt,ER,Q2 2015,(866) 793-1308,,(888) 266-2081,#1643799,(703) 639-1310,,(703) 925-2533,#1643799,,,1.155,,,Q2 2015 Earnings Release,http://www.allstateinvestors.com/phoenix.zhtml?c=93125&p=irol-irhome,,,,,,,,
Loews Corp,L US,8/3/2015,C,,ER,Q2 2015,(877) 692-2592,74859424,(800) 585-8367,74859424,(973) 582-2757,74859424,(404) 537-3406,74859424,,,0.66,,,Q2 2015 Earnings Release,http://edge.media-server.com/m/p/pjk93qdn/lan/en,,,,,,,,
Tyson Foods Inc,TSN US,8/3/2015,C,,ER,Q3 2015,,,,,,,,,,,0.925,,,Q3 2015 Earnings Release,http://event.on24.com/r.htm?e=1017094&s=1&k=376AE73C851B960D98D82E5749878BC0,,,,,,,,
Diamond Offshore Drilling Inc,DO US,8/3/2015,C,,ER,Q2 2015,800-247-9979,77534754,,,973-321-1100,77534754,,,,,0.438,,,Q2 2015 Earnings Release,http://investor.diamondoffshore.com/phoenix.zhtml?c=78110&p=irol-irhome,,,,,,,,
Entergy Corp,ETR US,8/4/2015,C,Bef-mkt,ER,Q2 2015,855-893-9849,44024303,855-859-2056,44024303,,,,,,,1.139,,,Q2 2015 Earnings Release,http://edge.media-server.com/m/p/d2epdpv3,,,,,,,,
Zoetis Inc,ZTS US,8/4/2015,C,Bef-mkt,ER,Q2 2015,,,,,,,,,,,0.373,,,Q2 2015 Earnings Release,https://event.webcasts.com/starthere.jsp?ei=1068968,,,,,,,,
Walt Disney Co/The,DIS US,8/4/2015,C,Aft-mkt,ER,Q3 2015,,,,,,,,,,,1.421,,,Q3 2015 Earnings Release,http://thewaltdisneycompany.com/investors/events,,,,,,,,
ONEOK Inc,OKE US,8/4/2015,C,Aft-mkt,ER,Q2 2015,,,,,,,,,,,0.354,,,Q2 2015 Earnings Release,,,,,,,,,
Newfield Exploration Co,NFX US,8/4/2015,C,Aft-mkt,ER,Q2 2015,(913) 312-0671,1066976,,,(913) 312-0671,1066976,,,,,0.147,,,Q2 2015 Earnings Release,http://phx.corporate-ir.net/phoenix.zhtml?c=63798&p=irol-irhome,,,,,,,,
Pioneer Natural Resources Co,PXD US,8/4/2015,C,Aft-mkt,ER,Q2 2015,(877) 879-6174,3672639,(888) 203-1112,3672639,,,,,,,0.04,,,Q2 2015 Earnings Release,http://edge.media-server.com/m/p/dsrtfy8t/lan/en,,,,,,,,
Cimarex Energy Co,XEC US,8/4/2015,C,Aft-mkt,ER,Q2 2015,866-367-3053,,877-344-7529,10068474,412-902-4216,,412-317-0088,10068474,,,-0.121,,,Q2 2015 Earnings Release,http://cimarex.investorroom.com/,,,,,,,,
Archer-Daniels-Midland Co,ADM US,8/4/2015,C,,ER,Q2 2015,,,,,,,,,,,0.743,,,Q2 2015 Earnings Release,,,,,,,,,
Emerson Electric Co,EMR US,8/4/2015,C,,ER,Q3 2015,,,,,,,,,,,0.85,,,Q3 2015 Earnings Release,emerson.com/financial,,,,,,,,
Kellogg Co,K US,8/4/2015,C,,ER,Q2 2015,,,,,,,,,,,0.915,,,Q2 2015 Earnings Release,,,,,,,,,
Expeditors International of Washington Inc,EXPD US,8/4/2015,C,,ER,Q2 2015,,,,,,,,,,,0.54,,,Q2 2015 Earnings Release,,,,,,,,,
Henry Schein Inc,HSIC US,8/4/2015,E,,ER,Q2 2015,,,,,,,,,,,1.462,,,Q2 2015 Earnings Release,,,,,,,,,
Aetna Inc,AET US,8/4/2015,C,,ER,Q2 2015,,,,,,,,,,,1.82,,,Q2 2015 Earnings Release,,,,,,,,,
Coach Inc,COH US,8/4/2015,C,,ER,Q4 2015,,,,,,,,,,,0.297,,,Q4 2015 Earnings Release,,,,,,,,,
Michael Kors Holdings Ltd,KORS US,8/4/2015,E,,ER,Q1 2016,,,,,,,,,,,0.762,,0.76,Q1 2016 Earnings Release,,,,,,,,,
Time Warner Inc,TWX US,8/5/2015,C,Bef-mkt,ER,Q2 2015,(877) 376-9405,77167923,(855) 859-2056,77167923,(330) 863-3351,77167923,(404) 537-3406,77167923,,,1.028,,,Q2 2015 Earnings Release,http://edge.media-server.com/m/p/hn8poro4/lan/en,,,,,,,,
Discovery Communications Inc,DISCA US,8/5/2015,C,7:00,ER,Q2 2015,800-901-5213,DISCA,888-286-8010,34298566,617-786-2962,DISCA,617-801-6888,34298566,,,0.514,,,Q2 2015 Earnings Release,http://ir.corporate.discovery.com/phoenix.zhtml?c=222412&p=irol-irhome,,,,,,,,
CenturyLink Inc,CTL US,8/5/2015,C,Aft-mkt,ER,Q2 2015,866.814.8485,,888.266.2081,1659105,,,,,,,0.607,,0.615,Q2 2015 Earnings Release,http://ir.centurylink.com/CorporateProfile.aspx?iid=4057179,,,,,,,,
Marathon Oil Corp,MRO US,8/5/2015,C,Aft-mkt,ER,Q2 2015,(800) 446-2782,38766315,,,(847) 413-3235,38766315,,,,,-0.319,,,Q2 2015 Earnings Release,http://edge.media-server.com/m/p/9wsmnxc7,,,,,,,,
CBS Corp,CBS US,8/5/2015,C,Aft-mkt,ER,Q2 2015,(800) 776-9057,,(800) 839-4276,,(913) 312-4373,,(402) 220-1735,,,,0.778,,,Q2 2015 Earnings Release,http://investors.cbscorporation.com/phoenix.zhtml?c=99462&p=irol-calendar,,,,,,,,
Prudential Financial Inc,PRU US,8/5/2015,C,Aft-mkt,ER,Q2 2015,(877) 777-1971,,(800) 475-6701,349036,(612) 332-0226,,(320) 365-3844,349036,,,2.481,,,Q2 2015 Earnings Release,http://www.media-server.com/m/acs/903a908bc310126c9969a1b2f4d9e267,,,,,,,,
Frontier Communications Corp,FTR US,8/5/2015,E,,ER,Q2 2015,,,,,,,,,,,0.021,,,Q2 2015 Earnings Release,,,,,,,,,
EOG Resources Inc,EOG US,8/5/2015,E,,ER,Q2 2015,,,,,,,,,,,0.016,,,Q2 2015 Earnings Release,,,,,,,,,
HCP Inc,HCP US,8/5/2015,E,,ER,Q2 2015,,,,,,,,,,,0.761,,,Q2 2015 Earnings Release,,,,,,,,,
International Flavors & Fragrances Inc,IFF US,8/5/2015,E,,ER,Q2 2015,,,,,,,,,,,1.363,,,Q2 2015 Earnings Release,,,,,,,,,
CVS Health Corp,CVS US,8/5/2015,E,,ER,Q2 2015,,,,,,,,,,,1.196,,1.185,Q2 2015 Earnings Release,,,,,,,,,
Motorola Solutions Inc,MSI US,8/5/2015,E,,ER,Q2 2015,,,,,,,,,,,0.541,,0.535,Q2 2015 Earnings Release,,,,,,,,,
Vulcan Materials Co,VMC US,8/5/2015,E,,ER,Q2 2015,,,,,,,,,,,0.694,,,Q2 2015 Earnings Release,,,,,,,,,
Cablevision Systems Corp,CVC US,8/5/2015,E,,ER,Q2 2015,,,,,,,,,,,0.247,,,Q2 2015 Earnings Release,,,,,,,,,
Regeneron Pharmaceuticals Inc,REGN US,8/5/2015,E,,ER,Q2 2015,,,,,,,,,,,2.78,,,Q2 2015 Earnings Release,,,,,,,,,
AMETEK Inc,AME US,8/5/2015,E,,ER,Q2 2015,,,,,,,,,,,0.636,,0.635,Q2 2015 Earnings Release,,,,,,,,,
FirstEnergy Corp,FE US,8/5/2015,E,,ER,Q2 2015,,,,,,,,,,,0.467,,0.46,Q2 2015 Earnings Release,,,,,,,,,
Ameren Corp,AEE US,8/5/2015,E,,ER,Q2 2015,,,,,,,,,,,0.59,,,Q2 2015 Earnings Release,,,,,,,,,
Intercontinental Exchange Inc,ICE US,8/5/2015,C,,ER,Q2 2015,888-317-6003,468462,,,412-317-6061,468462,,,,,2.778,,,Q2 2015 Earnings Release,http://www.theice.com/,,,,,,,,
First Solar Inc,FSLR US,8/5/2015,E,,ER,Q2 2015,,,,,,,,,,,0.15,,,Q2 2015 Earnings Release,,,,,,,,,
Becton Dickinson and Co,BDX US,8/6/2015,C,Bef-mkt,ER,Q3 2015,800-938-0653,78953246,800-585-8367,,973-935-2408,78953246,404-537-3406,,,,2.005,,,Q3 2015 Earnings Release,http://www.bd.com/investors/,,,,,,,,
Allergan plc,AGN US,8/6/2015,C,Bef-mkt,ER,Q2 2015,(877) 251-7980,73405830,(855) 859-2056,29079446,(706) 643-1573,73405830,(404) 537-3406,29079446,,,4.404,,,Q2 2015 Earnings Release,http://ir.allergan.com/phoenix.zhtml?c=65778&p=irol-EventDetails&EventId=5196858,,,,,,,,
Duke Energy Corp,DUK US,8/6/2015,C,7:00,ER,Q2 2015,877-874-1586,2859838,888-203-1112,2859838,719-325-4817,2859838,719-457-0820,2859838,,,1.043,,,Q2 2015 Earnings Release,http://www.duke-energy.com/investors/news-events.asp,,,,,,,,
Symantec Corp,SYMC US,8/6/2015,C,Aft-mkt,ER,Q1 2016,,,,,,,,,,,0.428,,0.425,Q1 2016 Earnings Release,http://investor.symantec.com/investor-relations/events-calendar/event-calendar-details/2015/Q1-2016-Symantec-Earnings-Conference-Call/default.aspx,,,,,,,,
CenterPoint Energy Inc,CNP US,8/6/2015,E,,ER,Q2 2015,,,,,,,,,,,0.199,,,Q2 2015 Earnings Release,,,,,,,,,
Twenty-First Century Fox Inc,FOXA US,8/6/2015,E,,ER,Q4 2015,,,,,,,,,,,0.378,,,Q4 2015 Earnings Release,,,,,,,,,
Parker-Hannifin Corp,PH US,8/6/2015,E,,ER,Q4 2015,,,,,,,,,,,1.887,,,Q4 2015 Earnings Release,,,,,,,,,
Molson Coors Brewing Co,TAP US,8/6/2015,C,,ER,Q2 2015,,,,,,,,,,,1.322,,,Q2 2015 Earnings Release,,,,,,,,,
Chesapeake Energy Corp,CHK US,8/6/2015,E,,ER,Q2 2015,,,,,,,,,,,-0.126,,,Q2 2015 Earnings Release,,,,,,,,,
Transocean Ltd,RIG US,8/6/2015,E,,ER,Q2 2015,,,,,,,,,,,0.436,,,Q2 2015 Earnings Release,,,,,,,,,
Keurig Green Mountain Inc,GMCR US,8/6/2015,E,,ER,Q3 2015,,,,,,,,,,,0.793,,0.775,Q3 2015 Earnings Release,,,,,,,,,
Ralph Lauren Corp,RL US,8/6/2015,E,,ER,Q1 2016,,,,,,,,,,,1.026,,,Q1 2016 Earnings Release,,,,,,,,,
Cognizant Technology Solutions Corp,CTSH US,8/6/2015,E,,ER,Q2 2015,,,,,,,,,,,0.724,,0.72,Q2 2015 Earnings Release,,,,,,,,,
Devon Energy Corp,DVN US,8/6/2015,E,,ER,Q2 2015,,,,,,,,,,,0.424,,,Q2 2015 Earnings Release,,,,,,,,,
Mondelez International Inc,MDLZ US,8/6/2015,E,,ER,Q2 2015,,,,,,,,,,,0.392,,,Q2 2015 Earnings Release,,,,,,,,,
Dun & Bradstreet Corp/The,DNB US,8/6/2015,E,,ER,Q2 2015,,,,,,,,,,,1.306,,,Q2 2015 Earnings Release,,,,,,,,,
CF Industries Holdings Inc,CF US,8/6/2015,E,,ER,Q2 2015,,,,,,,,,,,1.489,,,Q2 2015 Earnings Release,,,,,,,,,
Viacom Inc,VIAB US,8/6/2015,C,,ER,Q3 2015,888-778-8907,,888-566-0808,,913-981-5572,,402-220-9387,,,,1.49,,,Q3 2015 Earnings Release,http://edge.media-server.com/m/p/u3zyjpsq,,,,,,,,
Spectra Energy Corp,SE US,8/6/2015,E,,ER,Q2 2015,,,,,,,,,,,0.191,,,Q2 2015 Earnings Release,,,,,,,,,
Monster Beverage Corp,MNST US,8/6/2015,E,,ER,Q2 2015,,,,,,,,,,,0.908,,,Q2 2015 Earnings Release,,,,,,,,,
Computer Sciences Corp,CSC US,8/7/2015,E,,ER,Q1 2016,,,,,,,,,,,1.056,,,Q1 2016 Earnings Release,,,,,,,,,
Consolidated Edison Inc,ED US,8/7/2015,E,,ER,Q2 2015,,,,,,,,,,,0.603,,,Q2 2015 Earnings Release,,,,,,,,,
Harman International Industries Inc,HAR US,8/7/2015,E,,ER,Q4 2015,,,,,,,,,,,1.317,,,Q4 2015 Earnings Release,,,,,,,,,
Leucadia National Corp,LUK US,8/7/2015,E,,ER,Q2 2015,,,,,,,,,,,,,,Q2 2015 Earnings Release,,,,,,,,,
Mylan NV,MYL US,8/7/2015,E,,ER,Q2 2015,,,,,,,,,,,0.899,,,Q2 2015 Earnings Release,,,,,,,,,
AES Corp/VA,AES US,8/7/2015,E,,ER,Q2 2015,,,,,,,,,,,0.282,,,Q2 2015 Earnings Release,,,,,,,,,
NVIDIA Corp,NVDA US,8/7/2015,E,,ER,Q2 2016,,,,,,,,,,,0.206,,,Q2 2016 Earnings Release,,,,,,,,,
Sempra Energy,SRE US,8/7/2015,E,,ER,Q2 2015,,,,,,,,,,,0.988,,,Q2 2015 Earnings Release,,,,,,,,,
NRG Energy Inc,NRG US,8/7/2015,E,,ER,Q2 2015,,,,,,,,,,,-0.012,,,Q2 2015 Earnings Release,,,,,,,,,
Teradata Corp,TDC US,8/7/2015,E,,ER,Q2 2015,,,,,,,,,,,0.553,,,Q2 2015 Earnings Release,,,,,,,,,
Scripps Networks Interactive Inc,SNI US,8/7/2015,E,,ER,Q2 2015,,,,,,,,,,,1.268,,,Q2 2015 Earnings Release,,,,,,,,,
Mallinckrodt PLC,MNK US,8/7/2015,E,,ER,Q3 2015,,,,,,,,,,,1.82,,,Q3 2015 Earnings Release,,,,,,,,,
News Corp,NWSA US,8/7/2015,E,,ER,Q4 2015,,,,,,,,,,,0.05,,,Q4 2015 Earnings Release,,,,,,,,,
Sysco Corp,SYY US,8/10/2015,C,Bef-mkt,ER,Q4 2015,,,,,,,,,,,0.507,,,Q4 2015 Earnings Release,http://investors.sysco.com/events-and-presentations/Event-Details/2015/4Q-2015-Sysco-Corporation-Earnings-Conference-Call/default.aspx,,,,,,,,
Priceline Group Inc/The,PCLN US,8/11/2015,E,,ER,Q2 2015,,,,,,,,,,,11.76,,11.35,Q2 2015 Earnings Release,,,,,,,,,
Macy's Inc,M US,8/12/2015,C,,ER,Q2 2016,,,,,,,,,,,0.788,,,Q2 2016 Earnings Release,,,,,,,,,
Fossil Group Inc,FOSL US,8/12/2015,E,,ER,Q2 2015,,,,,,,,,,,0.856,,,Q2 2015 Earnings Release,,,,,,,,,
NetApp Inc,NTAP US,8/12/2015,C,,ER,Q1 2016,,,,,,,,,,,0.233,,0.225,Q1 2016 Earnings Release,,,,,,,,,
Applied Materials Inc,AMAT US,8/13/2015,C,Aft-mkt,ER,Q3 2015,,,,,,,,,,,0.33,,0.33,Q3 2015 Earnings Release,,,,,,,,,
Kohl's Corp,KSS US,8/13/2015,C,,ER,Q2 2016,,,,,,,,,,,1.175,,,Q2 2016 Earnings Release,,,,,,,,,
Cisco Systems Inc,CSCO US,8/13/2015,E,,ER,Q4 2015,,,,,,,,,,,0.559,,0.56,Q4 2015 Earnings Release,,,,,,,,,
Nordstrom Inc,JWN US,8/13/2015,C,,ER,Q2 2016,,,,,,,,,,,0.899,,,Q2 2016 Earnings Release,,,,,,,,,
Autodesk Inc,ADSK US,8/14/2015,E,,ER,Q2 2016,,,,,,,,,,,0.173,,0.165,Q2 2016 Earnings Release,,,,,,,,,
Perrigo Co PLC,PRGO US,8/14/2015,E,,ER,Q4 2015,,,,,,,,,,,1.993,,,Q4 2015 Earnings Release,,,,,,,,,
Agilent Technologies Inc,A US,8/14/2015,E,,ER,Q3 2015,,,,,,,,,,,0.408,,0.4,Q3 2015 Earnings Release,,,,,,,,,
Estee Lauder Cos Inc/The,EL US,8/17/2015,C,,ER,Q4 2015,,,,,,,,,,,0.344,,,Q4 2015 Earnings Release,,,,,,,,,
Home Depot Inc/The,HD US,8/18/2015,C,,ER,Q2 2016,,,,,,,,,,,1.706,,,Q2 2016 Earnings Release,,,,,,,,,
TJX Cos Inc/The,TJX US,8/18/2015,C,,ER,Q2 2016,,,,,,,,,,,0.755,,0.73,Q2 2016 Earnings Release,,,,,,,,,
Wal-Mart Stores Inc,WMT US,8/18/2015,C,,ER,Q2 2016,877-523-5612,9256278,,,201-689-8483,9256278,,,,,1.128,,1.12,Q2 2016 Earnings Release,,,,,,,,,
Urban Outfitters Inc,URBN US,8/18/2015,E,,ER,Q2 2016,,,,,,,,,,,0.489,,,Q2 2016 Earnings Release,,,,,,,,,
Lowe's Cos Inc,LOW US,8/19/2015,C,Bef-mkt,ER,Q2 2016,,,,,,,,,,,1.252,,,Q2 2016 Earnings Release,,,,,,,,,
L Brands Inc,LB US,8/19/2015,C,,ER,Q2 2016,866-363-4673,,855-859-2056,33156271,973-200-3978,,404-537-3406,33156271,,,0.674,,0.625,Q2 2016 Earnings Release,,,,,,,,,
Medtronic PLC,MDT US,8/19/2015,E,,ER,Q1 2016,,,,,,,,,,,1.009,,,Q1 2016 Earnings Release,,,,,,,,,
Staples Inc,SPLS US,8/19/2015,C,,ER,Q2 2016,,,,,,,,,,,0.118,,0.12,Q2 2016 Earnings Release,http://phx.corporate-ir.net/phoenix.zhtml?c=96244&p=irol-EventDetails&EventId=5188271,,,,,,,,
Target Corp,TGT US,8/20/2015,E,,ER,Q2 2016,,,,,,,,,,,1.112,,1.09,Q2 2016 Earnings Release,,,,,,,,,
Gap Inc/The,GPS US,8/20/2015,C,,ER,Q2 2016,,,,,,,,,,,0.662,,,Q2 2016 Earnings Release,,,,,,,,,
Hewlett-Packard Co,HPQ US,8/20/2015,E,,ER,Q3 2015,,,,,,,,,,,0.858,,0.85,Q3 2015 Earnings Release,,,,,,,,,
JM Smucker Co/The,SJM US,8/20/2015,E,,ER,Q1 2016,,,,,,,,,,,1.254,,,Q1 2016 Earnings Release,,,,,,,,,
Ross Stores Inc,ROST US,8/20/2015,C,,ER,Q2 2016,,,,,,,,,,,0.613,,0.608,Q2 2016 Earnings Release,,,,,,,,,
Deere & Co,DE US,8/21/2015,C,Bef-mkt,ER,Q3 2015,,,,,,,,,,,1.424,,,Q3 2015 Earnings Release,,,,,,,,,
Hormel Foods Corp,HRL US,8/21/2015,E,,ER,Q3 2015,,,,,,,,,,,0.555,,,Q3 2015 Earnings Release,,,,,,,,,
Patterson Cos Inc,PDCO US,8/21/2015,E,,ER,Q1 2016,,,,,,,,,,,0.56,,,Q1 2016 Earnings Release,,,,,,,,,
Intuit Inc,INTU US,8/21/2015,E,,ER,Q4 2015,,,,,,,,,,,-0.116,,-0.11,Q4 2015 Earnings Release,,,,,,,,,
Dollar Tree Inc,DLTR US,8/21/2015,E,,ER,Q2 2016,,,,,,,,,,,0.681,,0.655,Q2 2016 Earnings Release,,,,,,,,,
Salesforce.com inc,CRM US,8/21/2015,E,,ER,Q2 2016,,,,,,,,,,,0.175,,0.175,Q2 2016 Earnings Release,,,,,,,,,
GameStop Corp,GME US,8/21/2015,E,,ER,Q2 2016,,,,,,,,,,,0.235,,0.23,Q2 2016 Earnings Release,,,,,,,,,
Analog Devices Inc,ADI US,8/26/2015,E,,ER,Q3 2015,,,,,,,,,,,0.749,,0.74,Q3 2015 Earnings Release,,,,,,,,,
Best Buy Co Inc,BBY US,8/26/2015,E,,ER,Q2 2016,,,,,,,,,,,0.343,,,Q2 2016 Earnings Release,,,,,,,,,
Brown-Forman Corp,BF/B US,8/27/2015,E,,ER,Q1 2016,,,,,,,,,,,0.743,,,Q1 2016 Earnings Release,,,,,,,,,
Tiffany & Co,TIF US,8/27/2015,C,,ER,Q2 2016,,,,,,,,,,,0.908,,,Q2 2016 Earnings Release,,,,,,,,,
Pall Corp,PLL US,8/28/2015,E,,ER,Q4 2015,,,,,,,,,,,1.098,,,Q4 2015 Earnings Release,,,,,,,,,
Avago Technologies Ltd,AVGO US,8/28/2015,E,,ER,Q3 2015,,,,,,,,,,,2.126,,,Q3 2015 Earnings Release,,,,,,,,,
Dollar General Corp,DG US,8/28/2015,E,,ER,Q2 2016,,,,,,,,,,,0.942,,,Q2 2016 Earnings Release,,,,,,,,,
H&R Block Inc,HRB US,9/3/2015,E,,ER,Q1 2016,,,,,,,,,,,-0.394,,,Q1 2016 Earnings Release,,,,,,,,,
Campbell Soup Co,CPB US,9/3/2015,C,,ER,Q4 2015,,,,,,,,,,,0.359,,,Q4 2015 Earnings Release,http://investor.campbellsoupcompany.com/phoenix.zhtml?c=88650&p=irol-EventDetails&EventId=5172768,,,,,,,,
PVH Corp,PVH US,9/3/2015,E,,ER,Q2 2016,,,,,,,,,,,1.287,,1.275,Q2 2016 Earnings Release,,,,,,,,,
Joy Global Inc,JOY US,9/4/2015,E,,ER,Q3 2015,,,,,,,,,,,0.629,,,Q3 2015 Earnings Release,,,,,,,,,
Kroger Co/The,KR US,9/11/2015,C,,ER,Q2 2016,,,,,,,,,,,0.792,,,Q2 2016 Earnings Release,,,,,,,,,
Darden Restaurants Inc,DRI US,9/11/2015,E,,ER,Q1 2016,,,,,,,,,,,0.568,,,Q1 2016 Earnings Release,,,,,,,,,
FedEx Corp,FDX US,9/16/2015,C,7:30,ER,Q1 2016,,,,,,,,,,,2.453,,,Q1 2016 Earnings Release,,,,,,,,,
General Mills Inc,GIS US,9/17/2015,E,,ER,Q1 2016,,,,,,,,,,,0.687,,,Q1 2016 Earnings Release,,,,,,,,,
Lennar Corp,LEN US,9/17/2015,E,,ER,Q3 2015,,,,,,,,,,,0.808,,,Q3 2015 Earnings Release,,,,,,,,,
Adobe Systems Inc,ADBE US,9/17/2015,C,,ER,Q3 2015,,,,,,,,,,,0.499,,0.48,Q3 2015 Earnings Release,,,,,,,,,
ConAgra Foods Inc,CAG US,9/18/2015,E,,ER,Q1 2016,,,,,,,,,,,0.398,,0.456,Q1 2016 Earnings Release,,,,,,,,,
Oracle Corp,ORCL US,9/18/2015,E,,ER,Q1 2016,,,,,,,,,,,0.529,,,Q1 2016 Earnings Release,,,,,,,,,
Red Hat Inc,RHT US,9/18/2015,E,,ER,Q2 2016,,,,,,,,,,,0.44,,0.44,Q2 2016 Earnings Release,,,,,,,,,
CarMax Inc,KMX US,9/22/2015,C,Bef-mkt,ER,Q2 2016,,,,,,,,,,,0.76,,,Q2 2016 Earnings Release,,,,,,,,,
AutoZone Inc,AZO US,9/22/2015,E,,ER,Q4 2015,,,,,,,,,,,12.69,,,Q4 2015 Earnings Release,,,,,,,,,
Carnival Corp,CCL US,9/23/2015,E,,ER,Q3 2015,,,,,,,,,,,1.634,,1.58,Q3 2015 Earnings Release,,,,,,,,,
Bed Bath & Beyond Inc,BBBY US,9/24/2015,C,Aft-mkt,ER,Q2 2016,,,,,,,,,,,1.214,,1.205,Q2 2016 Earnings Release,,,,,,,,,
Paychex Inc,PAYX US,9/24/2015,E,,ER,Q1 2016,,,,,,,,,,,0.51,,,Q1 2016 Earnings Release,,,,,,,,,
Accenture PLC,ACN US,9/24/2015,E,,ER,Q4 2015,,,,,,,,,,,1.12,,,Q4 2015 Earnings Release,,,,,,,,,
Micron Technology Inc,MU US,9/25/2015,E,,ER,Q4 2015,,,,,,,,,,,0.39,,,Q4 2015 Earnings Release,,,,,,,,,
NIKE Inc,NKE US,9/25/2015,E,,ER,Q1 2016,,,,,,,,,,,1.283,,,Q1 2016 Earnings Release,,,,,,,,,
Costco Wholesale Corp,COST US,9/30/2015,C,,ER,Q4 2015,,,,,,,,,,,1.662,,,Q4 2015 Earnings Release,,,,,,,,,
McCormick & Co Inc/MD,MKC US,10/2/2015,E,,ER,Q3 2015,,,,,,,,,,,0.881,,,Q3 2015 Earnings Release,,,,,,,,,
Constellation Brands Inc,STZ US,10/2/2015,E,,ER,Q2 2016,,,,,,,,,,,1.298,,,Q2 2016 Earnings Release,,,,,,,,,
Yum! Brands Inc,YUM US,10/6/2015,C,,ER,Q3 2015,,,,,,,,,,,1.09,,,Q3 2015 Earnings Release,,,,,,,,,
Monsanto Co,MON US,10/7/2015,C,,ER,Q4 2015,,,,,,,,,,,0.071,,0,Q4 2015 Earnings Release,http://www.monsanto.com/investors/pages/presentations.aspx,,,,,,,,
Alcoa Inc,AA US,10/8/2015,C,Aft-mkt,ER,Q3 2015,,,,,,,,,,,0.208,,,Q3 2015 Earnings Release,,,,,,,,,
Family Dollar Stores Inc,FDO US,10/9/2015,E,,ER,Q4 2015,,,,,,,,,,,0.711,,,Q4 2015 Earnings Release,,,,,,,,,
CSX Corp,CSX US,10/13/2015,C,Aft-mkt,ER,Q3 2015,,,,,,,,,,,0.533,,,Q3 2015 Earnings Release,http://investors.csx.com/phoenix.zhtml?c=92932&p=irol-EventDetails&EventId=5178596,,,,,,,,
JB Hunt Transport Services Inc,JBHT US,10/14/2015,C,,ER,Q3 2015,,,,,,,,,,,0.977,,,Q3 2015 Earnings Release,,,,,,,,,
Philip Morris International Inc,PM US,10/15/2015,C,,ER,Q3 2015,,,,,,,,,,,1.15,,,Q3 2015 Earnings Release,,,,,,,,,
WW Grainger Inc,GWW US,10/16/2015,C,7:30,ER,Q3 2015,,,,,,,,,,,3.349,,,Q3 2015 Earnings Release,http://phx.corporate-ir.net/phoenix.zhtml?c=76754&p=irol-EventDetails&EventId=5178621,,,,,,,,
Hasbro Inc,HAS US,10/19/2015,C,Bef-mkt,ER,Q3 2015,,,,,,,,,,,1.503,,,Q3 2015 Earnings Release,,,,,,,,,
International Business Machines Corp,IBM US,10/19/2015,C,16:30,ER,Q3 2015,,,,,,,,,,,3.707,,,Q3 2015 Earnings Release,,,,,,,,,
Travelers Cos Inc/The,TRV US,10/20/2015,C,6:57,ER,Q3 2015,,,,,,,,,,,2.097,,,Q3 2015 Earnings Release,,,,,,,,,
ACE Ltd,ACE US,10/20/2015,C,Aft-mkt,ER,Q3 2015,,,,,,,,,,,2.337,,,Q3 2015 Earnings Release,,,,,,,,,
Verizon Communications Inc,VZ US,10/20/2015,C,,ER,Q3 2015,,,,,,,,,,,0.997,,,Q3 2015 Earnings Release,,,,,,,,,
Kimberly-Clark Corp,KMB US,10/21/2015,C,Bef-mkt,ER,Q3 2015,,,,,,,,,,,1.528,,,Q3 2015 Earnings Release,http://edge.media-server.com/m/p/afrd4bv7,,,,,,,,
Tractor Supply Co,TSCO US,10/21/2015,C,Aft-mkt,ER,Q3 2015,,,,,,,,,,,0.628,,,Q3 2015 Earnings Release,,,,,,,,,
Texas Instruments Inc,TXN US,10/21/2015,T,,ER,Q3 2015,,,,,,,,,,,0.743,,,Q3 2015 Earnings Release,,,,,,,,,
Eli Lilly & Co,LLY US,10/22/2015,C,Bef-mkt,ER,Q3 2015,,,,,,,,,,,0.763,,,Q3 2015 Earnings Release,http://edge.media-server.com/m/p/qxpds96t,,,,,,,,
Principal Financial Group Inc,PFG US,10/22/2015,C,16:00,ER,Q3 2015,,,,,,,,,,,1.101,,,Q3 2015 Earnings Release,,,,,,,,,
Caterpillar Inc,CAT US,10/22/2015,C,,ER,Q3 2015,,,,,,,,,,,1.023,,,Q3 2015 Earnings Release,,,,,,,,,
Dow Chemical Co/The,DOW US,10/22/2015,C,,ER,Q3 2015,,,,,,,,,,,0.659,,,Q3 2015 Earnings Release,http://www.dow.com/investors/events/,,,,,,,,
EQT Corp,EQT US,10/22/2015,C,,ER,Q3 2015,,,,,,,,,,,0.152,,,Q3 2015 Earnings Release,,,,,,,,,
3M Co,MMM US,10/22/2015,T,,ER,Q3 2015,,,,,,,,,,,2.126,,,Q3 2015 Earnings Release,,,,,,,,,
Simon Property Group Inc,SPG US,10/23/2015,C,,ER,Q3 2015,,,,,,,,,,,2.445,,,Q3 2015 Earnings Release,,,,,,,,,
Aflac Inc,AFL US,10/27/2015,C,,ER,Q3 2015,,,,,,,,,,,1.49,,,Q3 2015 Earnings Release,,,,,,,,,
EI du Pont de Nemours & Co,DD US,10/27/2015,T,,ER,Q3 2015,,,,,,,,,,,0.543,,,Q3 2015 Earnings Release,,,,,,,,,
Ford Motor Co,F US,10/27/2015,C,,ER,Q3 2015,,,,,,,,,,,0.471,,,Q3 2015 Earnings Release,,,,,,,,,
United Parcel Service Inc,UPS US,10/27/2015,C,,ER,Q3 2015,,,,,,,,,,,1.379,,,Q3 2015 Earnings Release,,,,,,,,,
Praxair Inc,PX US,10/28/2015,C,Bef-mkt,ER,Q3 2015,,,,,,,,,,,1.581,,,Q3 2015 Earnings Release,http://www.praxair.com/calendar/content/body/calendar/2015/october/28/third-quarter-earnings-teleconference,,,,,,,,
Norfolk Southern Corp,NSC US,10/28/2015,C,8:45,ER,Q3 2015,,,,,,,,,,,1.61,,,Q3 2015 Earnings Release,http://www.nscorp.com/content/nscorp/en/get-to-know-norfolk-southern/investor-relations/events.html,,,,,,,,
Realty Income Corp,O US,10/28/2015,C,16:00,ER,Q3 2015,,,,,,,,,,,0.682,,,Q3 2015 Earnings Release,,,,,,,,,
F5 Networks Inc,FFIV US,10/28/2015,C,16:00,ER,Q4 2015,,,,,,,,,,,1.713,,,Q4 2015 Earnings Release,,,,,,,,,
Varian Medical Systems Inc,VAR US,10/28/2015,C,Aft-mkt,ER,Q4 2015,,,,,,,,,,,1.21,,,Q4 2015 Earnings Release,,,,,,,,,
International Paper Co,IP US,10/28/2015,C,,ER,Q3 2015,,,,,,,,,,,1.102,,,Q3 2015 Earnings Release,,,,,,,,,
Anthem Inc,ANTM US,10/28/2015,C,,ER,Q3 2015,,,,,,,,,,,2.407,,,Q3 2015 Earnings Release,,,,,,,,,
Leggett & Platt Inc,LEG US,10/29/2015,C,,ER,Q3 2015,,,,,,,,,,,0.545,,,Q3 2015 Earnings Release,,,,,,,,,
Aetna Inc,AET US,10/29/2015,C,,ER,Q3 2015,,,,,,,,,,,1.821,,,Q3 2015 Earnings Release,,,,,,,,,
Vornado Realty Trust,VNO US,11/2/2015,C,Aft-mkt,ER,Q3 2015,,,,,,,,,,,1.255,,,Q3 2015 Earnings Release,,,,,,,,,
Estee Lauder Cos Inc/The,EL US,11/2/2015,C,,ER,Q1 2016,,,,,,,,,,,0.822,,,Q1 2016 Earnings Release,http://phx.corporate-ir.net/phoenix.zhtml?c=109458&p=irol-EventDetails&EventId=5187211,,,,,,,,
ONEOK Inc,OKE US,11/3/2015,C,Aft-mkt,ER,Q3 2015,,,,,,,,,,,0.381,,,Q3 2015 Earnings Release,,,,,,,,,
Archer-Daniels-Midland Co,ADM US,11/3/2015,C,,ER,Q3 2015,,,,,,,,,,,0.81,,,Q3 2015 Earnings Release,,,,,,,,,
Expeditors International of Washington Inc,EXPD US,11/3/2015,C,,ER,Q3 2015,,,,,,,,,,,0.577,,,Q3 2015 Earnings Release,,,,,,,,,
QUALCOMM Inc,QCOM US,11/4/2015,C,,ER,Q4 2015,,,,,,,,,,,1.081,,,Q4 2015 Earnings Release,,,,,,,,,
Prudential Financial Inc,PRU US,11/4/2015,C,,ER,Q3 2015,,,,,,,,,,,2.483,,,Q3 2015 Earnings Release,http://www.investor.prudential.com/phoenix.zhtml?c=129695&p=irol-EventDetails&EventId=5163648,,,,,,,,
Molson Coors Brewing Co,TAP US,11/5/2015,C,7:30,ER,Q3 2015,,,,,,,,,,,1.398,,,Q3 2015 Earnings Release,,,,,,,,,
Humana Inc,HUM US,11/6/2015,C,6:00,ER,Q3 2015,,,,,,,,,,,2.292,,,Q3 2015 Earnings Release,http://phx.corporate-ir.net/phoenix.zhtml?c=92913&p=irol-EventDetails&EventId=5176406,,,,,,,,
Cigna Corp,CI US,11/6/2015,C,6:30,ER,Q3 2015,,,,,,,,,,,2.26,,,Q3 2015 Earnings Release,,,,,,,,,
Macy's Inc,M US,11/11/2015,C,,ER,Q3 2016,,,,,,,,,,,0.668,,,Q3 2016 Earnings Release,,,,,,,,,
Applied Materials Inc,AMAT US,11/12/2015,C,Aft-mkt,ER,Q4 2015,,,,,,,,,,,0.334,,,Q4 2015 Earnings Release,,,,,,,,,
Kohl's Corp,KSS US,11/12/2015,C,,ER,Q3 2016,,,,,,,,,,,0.797,,,Q3 2016 Earnings Release,,,,,,,,,
Nordstrom Inc,JWN US,11/12/2015,C,,ER,Q3 2016,,,,,,,,,,,0.737,,,Q3 2016 Earnings Release,,,,,,,,,
Home Depot Inc/The,HD US,11/17/2015,C,,ER,Q3 2016,,,,,,,,,,,1.296,,,Q3 2016 Earnings Release,,,,,,,,,
TJX Cos Inc/The,TJX US,11/17/2015,C,,ER,Q3 2016,,,,,,,,,,,0.887,,,Q3 2016 Earnings Release,,,,,,,,,
Wal-Mart Stores Inc,WMT US,11/17/2015,C,,ER,Q3 2016,,,,,,,,,,,1.085,,,Q3 2016 Earnings Release,,,,,,,,,
Lowe's Cos Inc,LOW US,11/18/2015,C,Bef-mkt,ER,Q3 2016,,,,,,,,,,,0.76,,,Q3 2016 Earnings Release,,,,,,,,,
L Brands Inc,LB US,11/18/2015,C,,ER,Q3 2016,866-363-4673,,855-859-2056,33156271,973-200-3978,,404-537-3406,33156271,,,0.481,,,Q3 2016 Earnings Release,,,,,,,,,
Staples Inc,SPLS US,11/18/2015,C,,ER,Q3 2016,,,,,,,,,,,0.361,,,Q3 2016 Earnings Release,http://phx.corporate-ir.net/phoenix.zhtml?c=96244&p=irol-EventDetails&EventId=5188273,,,,,,,,
NetApp Inc,NTAP US,11/18/2015,C,,ER,Q2 2016,,,,,,,,,,,0.471,,,Q2 2016 Earnings Release,,,,,,,,,
Ross Stores Inc,ROST US,11/19/2015,C,,ER,Q3 2016,,,,,,,,,,,0.487,,,Q3 2016 Earnings Release,,,,,,,,,
Campbell Soup Co,CPB US,11/24/2015,C,,ER,Q1 2016,,,,,,,,,,,0.756,,,Q1 2016 Earnings Release,http://investor.campbellsoupcompany.com/phoenix.zhtml?c=88650&p=irol-EventDetails&EventId=5189792,,,,,,,,
Deere & Co,DE US,11/25/2015,C,Bef-mkt,ER,Q4 2015,,,,,,,,,,,1.121,,,Q4 2015 Earnings Release,,,,,,,,,
Kroger Co/The,KR US,12/3/2015,C,,ER,Q3 2016,,,,,,,,,,,0.769,,,Q3 2016 Earnings Release,,,,,,,,,
Costco Wholesale Corp,COST US,12/9/2015,C,,ER,Q1 2016,,,,,,,,,,,1.155,,,Q1 2016 Earnings Release,,,,,,,,,
Adobe Systems Inc,ADBE US,12/10/2015,C,,ER,Q4 2015,,,,,,,,,,,0.643,,,Q4 2015 Earnings Release,,,,,,,,,
FedEx Corp,FDX US,12/16/2015,C,7:30,ER,Q2 2016,,,,,,,,,,,2.573,,,Q2 2016 Earnings Release,http://ir.fedex.com/news-and-events/upcoming-events/event-details/2015/FedEx-Q2-FY16-Earnings-Call/default.aspx,,,,,,,,
Alcoa Inc,AA US,1/11/2016,C,Aft-mkt,ER,Q4 2015,,,,,,,,,,,0.204,,,Q4 2015 Earnings Release,,,,,,,,,
JB Hunt Transport Services Inc,JBHT US,1/21/2016,C,,ER,Q4 2015,,,,,,,,,,,1.014,,,Q4 2015 Earnings Release,,,,,,,,,
Kimberly-Clark Corp,KMB US,1/25/2016,C,Bef-mkt,ER,Q4 2015,,,,,,,,,,,1.441,,,Q4 2015 Earnings Release,http://investor.kimberly-clark.com/index.cfm,,,,,,,,
WW Grainger Inc,GWW US,1/26/2016,C,7:30,ER,Q4 2015,,,,,,,,,,,2.916,,,Q4 2015 Earnings Release,http://phx.corporate-ir.net/phoenix.zhtml?c=76754&p=irol-EventDetails&EventId=5178625,,,,,,,,
ACE Ltd,ACE US,1/26/2016,C,Aft-mkt,ER,Q4 2015,,,,,,,,,,,2.3,,,Q4 2015 Earnings Release,,,,,,,,,
EI du Pont de Nemours & Co,DD US,1/26/2016,T,,ER,Q4 2015,,,,,,,,,,,0.691,,,Q4 2015 Earnings Release,,,,,,,,,
Tractor Supply Co,TSCO US,1/27/2016,C,Aft-mkt,ER,Q4 2015,,,,,,,,,,,0.911,,,Q4 2015 Earnings Release,,,,,,,,,
Anthem Inc,ANTM US,1/27/2016,C,,ER,Q4 2015,,,,,,,,,,,1.801,,,Q4 2015 Earnings Release,,,,,,,,,
Eli Lilly & Co,LLY US,1/28/2016,C,,ER,Q4 2015,,,,,,,,,,,0.799,,,Q4 2015 Earnings Release,https://investor.lilly.com/eventdetail.cfm?eventid=162109,,,,,,,,
Simon Property Group Inc,SPG US,1/29/2016,C,,ER,Q4 2015,,,,,,,,,,,2.698,,,Q4 2015 Earnings Release,,,,,,,,,
Yum! Brands Inc,YUM US,2/3/2016,C,,ER,Q4 2015,,,,,,,,,,,0.966,,,Q4 2015 Earnings Release,,,,,,,,,
Cigna Corp,CI US,2/4/2016,C,6:30,ER,Q4 2015,,,,,,,,,,,2.069,,,Q4 2015 Earnings Release,,,,,,,,,
Estee Lauder Cos Inc/The,EL US,2/5/2016,C,,ER,Q2 2016,,,,,,,,,,,1.232,,,Q2 2016 Earnings Release,http://phx.corporate-ir.net/phoenix.zhtml?c=109458&p=irol-EventDetails&EventId=5187213,,,,,,,,
Prudential Financial Inc,PRU US,2/10/2016,C,,ER,Q4 2015,,,,,,,,,,,2.425,,,Q4 2015 Earnings Release,http://www.investor.prudential.com/phoenix.zhtml?c=129695&p=irol-EventDetails&EventId=5179189,,,,,,,,
NetApp Inc,NTAP US,2/17/2016,C,,ER,Q3 2016,,,,,,,,,,,0.666,,,Q3 2016 Earnings Release,,,,,,,,,
Wal-Mart Stores Inc,WMT US,2/18/2016,C,8:30,ER,Q4 2016,,,,,,,,,,,1.528,,,Q4 2016 Earnings Release,,,,,,,,,
Nordstrom Inc,JWN US,2/18/2016,C,,ER,Q4 2016,,,,,,,,,,,1.468,,,Q4 2016 Earnings Release,,,,,,,,,
ONEOK Inc,OKE US,2/22/2016,C,Aft-mkt,ER,Q4 2015,,,,,,,,,,,0.408,,,Q4 2015 Earnings Release,,,,,,,,,
Macy's Inc,M US,2/23/2016,C,,ER,Q4 2016,,,,,,,,,,,2.707,,,Q4 2016 Earnings Release,,,,,,,,,
Home Depot Inc/The,HD US,2/23/2016,C,,ER,Q4 2016,,,,,,,,,,,1.088,,,Q4 2016 Earnings Release,,,,,,,,,
L Brands Inc,LB US,2/24/2016,C,,ER,Q4 2016,866-363-4673,,855-859-2056,33156271,973-200-3978,,404-537-3406,33156271,,,1.984,,,Q4 2016 Earnings Release,,,,,,,,,
TJX Cos Inc/The,TJX US,2/24/2016,C,,ER,Q4 2016,,,,,,,,,,,0.974,,,Q4 2016 Earnings Release,,,,,,,,,
Campbell Soup Co,CPB US,2/25/2016,C,,ER,Q2 2016,,,,,,,,,,,0.677,,,Q2 2016 Earnings Release,http://investor.campbellsoupcompany.com/phoenix.zhtml?c=88650&p=irol-EventDetails&EventId=5189794,,,,,,,,
Kohl's Corp,KSS US,2/25/2016,C,,ER,Q4 2016,,,,,,,,,,,1.957,,,Q4 2016 Earnings Release,,,,,,,,,
Kroger Co/The,KR US,3/3/2016,C,,ER,Q4 2016,,,,,,,,,,,1.068,,,Q4 2016 Earnings Release,,,,,,,,,
Eli Lilly & Co,LLY US,4/26/2016,C,,ER,Q1 2016,,,,,,,,,,,0.823,,,Q1 2016 Earnings Release,https://investor.lilly.com/eventdetail.cfm?eventid=162110,,,,,,,,
Estee Lauder Cos Inc/The,EL US,5/3/2016,C,,ER,Q3 2016,,,,,,,,,,,0.758,,,Q3 2016 Earnings Release,http://phx.corporate-ir.net/phoenix.zhtml?c=109458&p=irol-EventDetails&EventId=5187215,,,,,,,,
Prudential Financial Inc,PRU US,5/4/2016,C,,ER,Q1 2016,,,,,,,,,,,2.561,,,Q1 2016 Earnings Release,http://www.investor.prudential.com/phoenix.zhtml?c=129695&p=irol-EventDetails&EventId=5179191,,,,,,,,
Campbell Soup Co,CPB US,5/20/2016,C,,ER,Q3 2016,,,,,,,,,,,0.621,,,Q3 2016 Earnings Release,http://investor.campbellsoupcompany.com/phoenix.zhtml?c=88650&p=irol-EventDetails&EventId=5189796,,,,,,,,
NetApp Inc,NTAP US,5/24/2016,C,,ER,Q4 2016,,,,,,,,,,,0.784,,,Q4 2016 Earnings Release,,,,,,,,,
Total Events,588,Total Confirmed,368,Total Estimated,213,,,,,,,,,,,,,,,,,,,,,,,,
